﻿thisRow.t,notes,start.started,start.stopped,key_resp.keys,key_resp.rt,key_resp.duration,teach1.started,teach1.stopped,key_resp_1.keys,key_resp_1.rt,key_resp_1.duration,teach2.started,key_resp_2.started,teach2.stopped,key_resp_2.keys,key_resp_2.rt,key_resp_2.duration,rule.started,participant,session,date,expName,psychopyVersion,frameRate,expStart,
,,0.016880500013940036,170.39969420002308,space,170.3637932999991,None,,,,,,,,,,,,,067999,001,2024-10-23_12h51.27.329,实验3,2024.2.1post4,60.705654644683335,2024-10-23 12h51.32.040279 +0800,
,,,,,,,170.3997630000813,349.97801540000364,y,179.54714289994445,None,,,,,,,,067999,001,2024-10-23_12h51.27.329,实验3,2024.2.1post4,60.705654644683335,2024-10-23 12h51.32.040279 +0800,
,,,,,,,,,,,,349.97806320001837,349.9881566000404,418.10796900000423,n,68.11677630001213,None,,067999,001,2024-10-23_12h51.27.329,实验3,2024.2.1post4,60.705654644683335,2024-10-23 12h51.32.040279 +0800,
,,,,,,,,,,,,,,,,,,418.10801109997556,,,,,,,,
