﻿thisN,thisTrialN,thisRepN,res.keys,trials.thisRepN,trials.thisTrialN,trials.thisN,trials.thisIndex,trials_2.thisRepN,trials_2.thisTrialN,trials_2.thisN,trials_2.thisIndex,thisRow.t,notes,start.started,start.stopped,key_resp.keys,key_resp.rt,key_resp.duration,teach1.started,teach1.stopped,key_resp_1.keys,key_resp_1.rt,key_resp_1.duration,teach2.started,key_resp_2.started,teach2.stopped,key_resp_2.keys,key_resp_2.rt,key_resp_2.duration,rule.started,rule.stopped,key_resp_3.keys,key_resp_3.rt,key_resp_3.duration,trial.started,res.started,trial.stopped,trials_2.res.keys,trial_result.started,participant,session,date,expName,psychopyVersion,frameRate,expStart,
,,,,,,,,,,,,,,0.004417199990712106,3.1806005000835285,space,3.141707899980247,None,,,,,,,,,,,,,,,,,,,,,,130184,001,2024-10-22_22h37.59.001,实验3,2024.2.1post4,60.20502217368201,2024-10-22 22h38.02.491266 +0800,
,,,,,,,,,,,,,,,,,,,3.1806338999886066,4.8642448000609875,y,1.6622536999639124,None,,,,,,,,,,,,,,,,,130184,001,2024-10-22_22h37.59.001,实验3,2024.2.1post4,60.20502217368201,2024-10-22 22h38.02.491266 +0800,
,,,,,,,,,,,,,,,,,,,,,,,,4.864276300068013,4.87978810002096,6.3832649000687525,n,1.4943344999337569,None,,,,,,,,,,,130184,001,2024-10-22_22h37.59.001,实验3,2024.2.1post4,60.20502217368201,2024-10-22 22h38.02.491266 +0800,
,,,,,,,,,,,,,,,,,,,,,,,,,,,,,,6.383295700070448,7.284619600046426,space,0.8841255999868736,None,,,,,,130184,001,2024-10-22_22h37.59.001,实验3,2024.2.1post4,60.20502217368201,2024-10-22 22h38.02.491266 +0800,
0,0,0,None,0,0,0,0,0,0,0,0,7.2983927000314,,,,,,,,,,,,,,,,,,,,,,,7.284931499976665,7.803537299972959,7.805460800067522,None,,130184,001,2024-10-22_22h37.59.001,实验3,2024.2.1post4,60.20502217368201,2024-10-22 22h38.02.491266 +0800,
1,0,1,None,0,0,0,0,1,0,1,0,7.814942199969664,,,,,,,,,,,,,,,,,,,,,,,7.805570799973793,8.320476799970493,8.322505800053477,None,,130184,001,2024-10-22_22h37.59.001,实验3,2024.2.1post4,60.20502217368201,2024-10-22 22h38.02.491266 +0800,
,,,,,,,,,,,,,,,,,,,,,,,,,,,,,,,,,,,,,,,8.3287144000642,,,,,,,,
