﻿thisN,thisTrialN,thisRepN,res.keys,trials_2.thisRepN,trials_2.thisTrialN,trials_2.thisN,trials_2.thisIndex,trials.thisRepN,trials.thisTrialN,trials.thisN,trials.thisIndex,thisRow.t,notes,start.started,start.stopped,key_resp.keys,key_resp.rt,key_resp.duration,teach1.started,teach1.stopped,key_resp_1.keys,key_resp_1.rt,key_resp_1.duration,teach2.started,key_resp_2.started,teach2.stopped,key_resp_2.keys,key_resp_2.rt,key_resp_2.duration,rule.started,rule.stopped,key_resp_3.keys,key_resp_3.rt,key_resp_3.duration,trial.started,trial.stopped,trial_result.started,trial_result.stopped,trials.res.keys,trial_result_1.started,trial_result_1.stopped,participant,session,date,expName,psychopyVersion,frameRate,expStart,
,,,,,,,,,,,,,,0.00455020007211715,0.6178788000252098,space,0.5857706000097096,None,,,,,,,,,,,,,,,,,,,,,,,,203402,001,2024-10-23_14h58.52.920,实验3,2024.2.1post4,None,2024-10-23 14h58.57.295815 +0800,
,,,,,,,,,,,,,,,,,,,0.6179116000421345,2.967702900059521,y,2.311145600047894,None,,,,,,,,,,,,,,,,,,,203402,001,2024-10-23_14h58.52.920,实验3,2024.2.1post4,None,2024-10-23 14h58.57.295815 +0800,
,,,,,,,,,,,,,,,,,,,,,,,,2.967733300058171,2.9815488000167534,4.164171000011265,n,1.17659539997112,None,,,,,,,,,,,,,203402,001,2024-10-23_14h58.52.920,实验3,2024.2.1post4,None,2024-10-23 14h58.57.295815 +0800,
,,,,,,,,,,,,,,,,,,,,,,,,,,,,,,4.1642077000578865,5.096984300063923,space,0.9127634998876601,None,,,,,,,,203402,001,2024-10-23_14h58.52.920,实验3,2024.2.1post4,None,2024-10-23 14h58.57.295815 +0800,
0,0,0,,0,0,0,0,,,,,5.117437500040978,,,,,,,,,,,,,,,,,,,,,,,5.097193900030106,6.121232400066219,,,,,,203402,001,2024-10-23_14h58.52.920,实验3,2024.2.1post4,None,2024-10-23 14h58.57.295815 +0800,
1,0,1,,1,0,1,0,,,,,6.134166400064714,,,,,,,,,,,,,,,,,,,,,,,6.12150470004417,7.138865599990822,,,,,,203402,001,2024-10-23_14h58.52.920,实验3,2024.2.1post4,None,2024-10-23 14h58.57.295815 +0800,
0,0,0,None,,,,,0,0,0,0,7.153216500068083,,,,,,,,,,,,,,,,,,,,,,,,,7.139737499994226,8.152564199990593,None,9.721140600042418,9.721566000021994,203402,001,2024-10-23_14h58.52.920,实验3,2024.2.1post4,None,2024-10-23 14h58.57.295815 +0800,
1,0,1,,,,,,1,0,1,0,9.727852700045332,,,,,,,,,,,,,,,,,,,,,,,,,9.721677000052296,10.729959100019187,None,12.267120199976489,,,,,,,,,
