﻿thisN,thisTrialN,thisRepN,trials_2.thisRepN,trials_2.thisTrialN,trials_2.thisN,trials_2.thisIndex,trials.thisRepN,trials.thisTrialN,trials.thisN,trials.thisIndex,res.keys,thisRow.t,notes,start.started,start.stopped,key_resp.keys,key_resp.rt,key_resp.duration,teach1.started,teach1.stopped,key_resp_1.keys,key_resp_1.rt,key_resp_1.duration,teach2.started,key_resp_2.started,teach2.stopped,key_resp_2.keys,key_resp_2.rt,key_resp_2.duration,rule.started,rule.stopped,key_resp_3.keys,key_resp_3.rt,key_resp_3.duration,trial.started,trial.stopped,trial_result.started,trial_result.stopped,trials.res.keys,trial_result_1.started,participant,session,date,expName,psychopyVersion,frameRate,expStart,
,,,,,,,,,,,,,,0.016163700027391315,0.9347990000387654,space,0.9004091999959201,None,,,,,,,,,,,,,,,,,,,,,,,244078,001,2024-10-22_22h54.11.531,实验3,2024.2.1post4,59.968396651683264,2024-10-22 22h54.14.094439 +0800,
,,,,,,,,,,,,,,,,,,,0.9348312999354675,1.6693114000372589,y,0.7175464999163523,None,,,,,,,,,,,,,,,,,,244078,001,2024-10-22_22h54.11.531,实验3,2024.2.1post4,59.968396651683264,2024-10-22 22h54.14.094439 +0800,
,,,,,,,,,,,,,,,,,,,,,,,,1.669341600034386,1.6826893000397831,1.9348350999644026,n,0.24974110000766814,None,,,,,,,,,,,,244078,001,2024-10-22_22h54.11.531,实验3,2024.2.1post4,59.968396651683264,2024-10-22 22h54.14.094439 +0800,
,,,,,,,,,,,,,,,,,,,,,,,,,,,,,,1.9348656999645755,2.320902399951592,space,0.3584358999505639,None,,,,,,,244078,001,2024-10-22_22h54.11.531,实验3,2024.2.1post4,59.968396651683264,2024-10-22 22h54.14.094439 +0800,
0,0,0,0,0,0,0,,,,,,2.333361199940555,,,,,,,,,,,,,,,,,,,,,,,2.3211466999491677,2.835584899992682,,,,,244078,001,2024-10-22_22h54.11.531,实验3,2024.2.1post4,59.968396651683264,2024-10-22 22h54.14.094439 +0800,
1,0,1,1,0,1,0,,,,,,2.840270300046541,,,,,,,,,,,,,,,,,,,,,,,2.835679900017567,3.343290999997407,,,,,244078,001,2024-10-22_22h54.11.531,实验3,2024.2.1post4,59.968396651683264,2024-10-22 22h54.14.094439 +0800,
0,0,0,,,,,0,0,0,0,,3.3499279000097886,,,,,,,,,,,,,,,,,,,,,,,,,3.3435646999860182,3.8732998999767005,None,3.87333440000657,,,,,,,,
