﻿thisN,thisTrialN,thisRepN,res.keys,res.rt,res.duration,trials_2.thisRepN,trials_2.thisTrialN,trials_2.thisN,trials_2.thisIndex,trials.thisRepN,trials.thisTrialN,trials.thisN,trials.thisIndex,thisRow.t,notes,start.started,start.stopped,key_resp.keys,key_resp.rt,key_resp.duration,teach1.started,teach1.stopped,key_resp_1.keys,key_resp_1.rt,key_resp_1.duration,teach2.started,key_resp_2.started,teach2.stopped,key_resp_2.keys,key_resp_2.rt,key_resp_2.duration,rule.started,rule.stopped,key_resp_3.keys,key_resp_3.rt,key_resp_3.duration,trial.started,trial.stopped,trial_result.started,trial_result.stopped,trials.res.keys,trials.res.rt,trials.res.duration,trial_result_1.started,trial_result_1.stopped,participant,session,date,expName,psychopyVersion,frameRate,expStart,
,,,,,,,,,,,,,,,,0.005002600024454296,0.926774499937892,space,0.8924085000762716,None,,,,,,,,,,,,,,,,,,,,,,,,,,316567,001,2024-10-23_15h00.48.878,实验3,2024.2.1post4,None,2024-10-23 15h00.53.638654 +0800,
,,,,,,,,,,,,,,,,,,,,,0.9268087999662384,1.2879678000463173,y,0.3315829000202939,None,,,,,,,,,,,,,,,,,,,,,316567,001,2024-10-23_15h00.48.878,实验3,2024.2.1post4,None,2024-10-23 15h00.53.638654 +0800,
,,,,,,,,,,,,,,,,,,,,,,,,,,1.2880024999612942,1.3081802000524476,1.3975491999881342,n,0.07189840008504689,None,,,,,,,,,,,,,,,316567,001,2024-10-23_15h00.48.878,实验3,2024.2.1post4,None,2024-10-23 15h00.53.638654 +0800,
,,,,,,,,,,,,,,,,,,,,,,,,,,,,,,,,1.3975844000233337,2.0229601999744773,space,0.6153545000124723,None,,,,,,,,,,316567,001,2024-10-23_15h00.48.878,实验3,2024.2.1post4,None,2024-10-23 15h00.53.638654 +0800,
0,0,0,,,,0,0,0,0,,,,,2.0514206000370905,,,,,,,,,,,,,,,,,,,,,,,2.0231867999536917,3.055445299949497,,,,,,,,316567,001,2024-10-23_15h00.48.878,实验3,2024.2.1post4,None,2024-10-23 15h00.53.638654 +0800,
1,0,1,,,,1,0,1,0,,,,,3.071253199945204,,,,,,,,,,,,,,,,,,,,,,,3.0558127999538556,4.074382400023751,,,,,,,,316567,001,2024-10-23_15h00.48.878,实验3,2024.2.1post4,None,2024-10-23 15h00.53.638654 +0800,
0,0,0,n,0.7041470999829471,None,,,,,0,0,0,0,4.085410799947567,,,,,,,,,,,,,,,,,,,,,,,,,4.075094099971466,4.8089008999522775,n,0.7041470999829471,None,6.353417800040916,6.353966900031082,316567,001,2024-10-23_15h00.48.878,实验3,2024.2.1post4,None,2024-10-23 15h00.53.638654 +0800,
1,0,1,,,,,,,,1,0,1,0,6.360702899983153,,,,,,,,,,,,,,,,,,,,,,,,,6.354084499995224,,,,,,,,,,,,,,
