﻿thisN,thisTrialN,thisRepN,res.keys,trials_2.thisRepN,trials_2.thisTrialN,trials_2.thisN,trials_2.thisIndex,trials.thisRepN,trials.thisTrialN,trials.thisN,trials.thisIndex,thisRow.t,notes,start.started,start.stopped,key_resp.keys,key_resp.rt,key_resp.duration,teach1.started,teach1.stopped,key_resp_1.keys,key_resp_1.rt,key_resp_1.duration,teach2.started,key_resp_2.started,teach2.stopped,key_resp_2.keys,key_resp_2.rt,key_resp_2.duration,rule.started,rule.stopped,key_resp_3.keys,key_resp_3.rt,key_resp_3.duration,trial.started,trial.stopped,trial_result.started,trial_result.stopped,trials.res.keys,trial_result_1.started,trial_result_1.stopped,participant,session,date,expName,psychopyVersion,frameRate,expStart,
,,,,,,,,,,,,,,0.004824099945835769,2.00230749999173,space,1.9726695000426844,None,,,,,,,,,,,,,,,,,,,,,,,,348754,001,2024-10-23_14h25.29.273,实验3,2024.2.1post4,None,2024-10-23 14h25.33.547894 +0800,
,,,,,,,,,,,,,,,,,,,2.0023410000139847,2.1332504999591038,y,0.10884110000915825,None,,,,,,,,,,,,,,,,,,,348754,001,2024-10-23_14h25.29.273,实验3,2024.2.1post4,None,2024-10-23 14h25.33.547894 +0800,
,,,,,,,,,,,,,,,,,,,,,,,,2.1332841999828815,2.1535774999065325,2.33387909992598,n,0.16690149996429682,None,,,,,,,,,,,,,348754,001,2024-10-23_14h25.29.273,实验3,2024.2.1post4,None,2024-10-23 14h25.33.547894 +0800,
,,,,,,,,,,,,,,,,,,,,,,,,,,,,,,2.3339127999497578,3.3336711999727413,space,0.9689883999526501,None,,,,,,,,348754,001,2024-10-23_14h25.29.273,实验3,2024.2.1post4,None,2024-10-23 14h25.33.547894 +0800,
0,0,0,,0,0,0,0,,,,,3.3531608999473974,,,,,,,,,,,,,,,,,,,,,,,3.3338845999678597,4.356732499902137,,,,,,348754,001,2024-10-23_14h25.29.273,实验3,2024.2.1post4,None,2024-10-23 14h25.33.547894 +0800,
1,0,1,,1,0,1,0,,,,,4.36831309995614,,,,,,,,,,,,,,,,,,,,,,,4.356998499948531,5.371981399948709,,,,,,348754,001,2024-10-23_14h25.29.273,实验3,2024.2.1post4,None,2024-10-23 14h25.33.547894 +0800,
0,0,0,None,,,,,0,0,0,0,5.400677099940367,,,,,,,,,,,,,,,,,,,,,,,,,5.3722574999555945,6.400399799924344,None,7.948166699963622,7.94849099998828,348754,001,2024-10-23_14h25.29.273,实验3,2024.2.1post4,None,2024-10-23 14h25.33.547894 +0800,
1,0,1,,,,,,1,0,1,0,7.954920499934815,,,,,,,,,,,,,,,,,,,,,,,,,7.948590499931015,8.963675100007094,None,10.502012899960391,,,,,,,,,
