﻿thisRow.t,notes,start.started,start.stopped,key_resp.keys,key_resp.rt,key_resp.duration,teach1.started,teach1.stopped,key_resp_1.keys,key_resp_1.rt,key_resp_1.duration,teach2.started,key_resp_2.started,teach2.stopped,key_resp_2.keys,key_resp_2.rt,key_resp_2.duration,rule.started,participant,session,date,expName,psychopyVersion,frameRate,expStart,
,,0.004492799984291196,1.243304800009355,space,1.2131149000488222,None,,,,,,,,,,,,,628945,001,2024-10-23_15h26.03.314,实验3,2024.2.1post4,None,2024-10-23 15h26.07.653439 +0800,
,,,,,,,1.2433413000544533,1.7341661000391468,y,0.4745657000457868,None,,,,,,,,628945,001,2024-10-23_15h26.03.314,实验3,2024.2.1post4,None,2024-10-23 15h26.07.653439 +0800,
,,,,,,,,,,,,1.7342030999716371,1.7560160000575706,2.4165410000132397,n,0.6407042000209913,None,,628945,001,2024-10-23_15h26.03.314,实验3,2024.2.1post4,None,2024-10-23 15h26.07.653439 +0800,
,,,,,,,,,,,,,,,,,,2.4165761000476778,,,,,,,,
