﻿thisN,thisTrialN,thisRepN,trials.thisRepN,trials.thisTrialN,trials.thisN,trials.thisIndex,trials_2.thisRepN,trials_2.thisTrialN,trials_2.thisN,trials_2.thisIndex,thisRow.t,notes,start.started,start.stopped,key_resp.keys,key_resp.rt,key_resp.duration,teach1.started,teach1.stopped,key_resp_1.keys,key_resp_1.rt,key_resp_1.duration,teach2.started,key_resp_2.started,teach2.stopped,key_resp_2.keys,key_resp_2.rt,key_resp_2.duration,rule.started,rule.stopped,key_resp_3.keys,key_resp_3.rt,key_resp_3.duration,participant,session,date,expName,psychopyVersion,frameRate,expStart,
,,,,,,,,,,,,,0.039530100068077445,5.591886500013061,space,5.537733900011517,None,,,,,,,,,,,,,,,,,631687,001,2024-10-22_22h34.30.147,实验3,2024.2.1post4,59.83659821330695,2024-10-22 22h34.34.525610 +0800,
,,,,,,,,,,,,,,,,,,5.591918100020848,10.346556700067595,y,4.724318700027652,None,,,,,,,,,,,,631687,001,2024-10-22_22h34.30.147,实验3,2024.2.1post4,59.83659821330695,2024-10-22 22h34.34.525610 +0800,
,,,,,,,,,,,,,,,,,,,,,,,10.346590400091372,10.36135360004846,10.965083800023422,n,0.5959318999666721,None,,,,,,631687,001,2024-10-22_22h34.30.147,实验3,2024.2.1post4,59.83659821330695,2024-10-22 22h34.34.525610 +0800,
,,,,,,,,,,,,,,,,,,,,,,,,,,,,,10.96512479998637,12.18316690006759,space,1.196563299978152,None,631687,001,2024-10-22_22h34.30.147,实验3,2024.2.1post4,59.83659821330695,2024-10-22 22h34.34.525610 +0800,
0,0,0,0,0,0,0,0,0,0,0,,,,,,,,,,,,,,,,,,,,,,,,,,,,,,,
