﻿thisN,thisTrialN,thisRepN,trials_2.thisRepN,trials_2.thisTrialN,trials_2.thisN,trials_2.thisIndex,trials.thisRepN,trials.thisTrialN,trials.thisN,trials.thisIndex,res.keys,thisRow.t,notes,start.started,start.stopped,key_resp.keys,key_resp.rt,key_resp.duration,teach1.started,teach1.stopped,key_resp_1.keys,key_resp_1.rt,key_resp_1.duration,teach2.started,key_resp_2.started,teach2.stopped,key_resp_2.keys,key_resp_2.rt,key_resp_2.duration,rule.started,rule.stopped,key_resp_3.keys,key_resp_3.rt,key_resp_3.duration,trial.started,trial.stopped,trial_result.started,trial_result.stopped,trials.res.keys,trial_result_1.started,participant,session,date,expName,psychopyVersion,frameRate,expStart,
,,,,,,,,,,,,,,0.013000600039958954,0.8315746000735089,space,0.8000413000117987,None,,,,,,,,,,,,,,,,,,,,,,,756941,001,2024-10-22_22h59.46.147,实验3,2024.2.1post4,60.11038670094858,2024-10-22 22h59.48.744339 +0800,
,,,,,,,,,,,,,,,,,,,0.8316069000866264,1.7321844000834972,y,0.8689307000022382,None,,,,,,,,,,,,,,,,,,756941,001,2024-10-22_22h59.46.147,实验3,2024.2.1post4,60.11038670094858,2024-10-22 22h59.48.744339 +0800,
,,,,,,,,,,,,,,,,,,,,,,,,1.732214100076817,1.7455147000728175,1.8826782000251114,n,0.1257996999192983,None,,,,,,,,,,,,756941,001,2024-10-22_22h59.46.147,实验3,2024.2.1post4,60.11038670094858,2024-10-22 22h59.48.744339 +0800,
,,,,,,,,,,,,,,,,,,,,,,,,,,,,,,1.8827115000458434,2.6517466000514105,space,0.7397539999801666,None,,,,,,,756941,001,2024-10-22_22h59.46.147,实验3,2024.2.1post4,60.11038670094858,2024-10-22 22h59.48.744339 +0800,
0,0,0,0,0,0,0,,,,,,2.663444200064987,,,,,,,,,,,,,,,,,,,,,,,2.652077900012955,3.166294900001958,,,,,756941,001,2024-10-22_22h59.46.147,实验3,2024.2.1post4,60.11038670094858,2024-10-22 22h59.48.744339 +0800,
1,0,1,1,0,1,0,,,,,,3.1795767000876367,,,,,,,,,,,,,,,,,,,,,,,3.1663883000146598,3.683474300079979,,,,,756941,001,2024-10-22_22h59.46.147,实验3,2024.2.1post4,60.11038670094858,2024-10-22 22h59.48.744339 +0800,
0,0,0,,,,,0,0,0,0,,3.6963982000015676,,,,,,,,,,,,,,,,,,,,,,,,,3.683701900066808,4.18590799998492,None,4.18594390002545,,,,,,,,
