﻿thisN,thisTrialN,thisRepN,trials.thisRepN,trials.thisTrialN,trials.thisN,trials.thisIndex,trials_2.thisRepN,trials_2.thisTrialN,trials_2.thisN,trials_2.thisIndex,thisRow.t,notes,start.started,start.stopped,key_resp.keys,key_resp.rt,key_resp.duration,teach1.started,teach1.stopped,key_resp_1.keys,key_resp_1.rt,key_resp_1.duration,teach2.started,key_resp_2.started,teach2.stopped,key_resp_2.keys,key_resp_2.rt,key_resp_2.duration,rule.started,rule.stopped,key_resp_3.keys,key_resp_3.rt,key_resp_3.duration,participant,session,date,expName,psychopyVersion,frameRate,expStart,
,,,,,,,,,,,,,0.006807300029322505,2.9936179999494925,space,2.962826899951324,None,,,,,,,,,,,,,,,,,882266,001,2024-10-22_22h36.03.964,实验3,2024.2.1post4,60.0587614642159,2024-10-22 22h36.07.248666 +0800,
,,,,,,,,,,,,,,,,,,2.9936499999603257,11.30328410002403,y,8.294751900015399,None,,,,,,,,,,,,882266,001,2024-10-22_22h36.03.964,实验3,2024.2.1post4,60.0587614642159,2024-10-22 22h36.07.248666 +0800,
,,,,,,,,,,,,,,,,,,,,,,,11.303317000041716,11.316553200013004,12.18460929999128,n,0.8528616999974474,None,,,,,,882266,001,2024-10-22_22h36.03.964,实验3,2024.2.1post4,60.0587614642159,2024-10-22 22h36.07.248666 +0800,
,,,,,,,,,,,,,,,,,,,,,,,,,,,,,12.184641200001352,12.935256400029175,space,0.7320271999342367,None,882266,001,2024-10-22_22h36.03.964,实验3,2024.2.1post4,60.0587614642159,2024-10-22 22h36.07.248666 +0800,
0,0,0,0,0,0,0,0,0,0,0,,,,,,,,,,,,,,,,,,,,,,,,,,,,,,,
