﻿text,textColor,leftColor,rightColor,corrAns,thisN,thisTrialN,thisRepN,chosClick.x,chosClick.y,chosClick.leftButton,chosClick.midButton,chosClick.rightButton,chosClick.time,chosClick.corr,chosClick.clicked_name,trials.thisRepN,trials.thisTrialN,trials.thisN,trials.thisIndex,thisRow.t,notes,welcome.started,welcome.stopped,ignClick.x,ignClick.y,ignClick.leftButton,ignClick.midButton,ignClick.rightButton,ignClick.time,gameRule.started,ruleText.started,mouse_5.started,gameRule.stopped,mouse_5.x,mouse_5.y,mouse_5.leftButton,mouse_5.midButton,mouse_5.rightButton,mouse_5.time,trial.started,chosClick.started,trial.stopped,trials.chosClick.x,trials.chosClick.y,trials.chosClick.leftButton,trials.chosClick.midButton,trials.chosClick.rightButton,trials.chosClick.time,trials.chosClick.corr,trials.chosClick.clicked_name,end.started,endClick.started,end.stopped,endClick.x,endClick.y,endClick.leftButton,endClick.midButton,endClick.rightButton,endClick.time,participant,session,date,expName,psychopyVersion,frameRate,expStart,
,,,,,,,,,,,,,,,,,,,,,,0.015488000004552305,0.4477804000489414,[0.0016666666666666668],[0.17166666666666666],[1],[0],[0],[0.43194199999561533],,,,,,,,,,,,,,,,,,,,,,,,,,,,,,,012226,001,2024-09-04_20h15.23.998,my-trial,2024.2.1post4,59.95408717337748,2024-09-04 20h15.26.400442 +0800,
,,,,,,,,,,,,,,,,,,,,,,,,,,,,,,0.4478571000508964,0.46242540003731847,3.2800016924738884e-05,0.8642835000064224,[-0.005],[0.14833333333333334],[1],[0],[0],[0.4161106999963522],,,,,,,,,,,,,,,,,,,,,012226,001,2024-09-04_20h15.23.998,my-trial,2024.2.1post4,59.95408717337748,2024-09-04 20h15.26.400442 +0800,
请选择黑色,black,black,yellow,leftCircle,0,0,0,[-0.4166666666666667],[-0.028333333333333332],[1],[0],[0],[0.6075450000353158],[1],['leftCircle'],0,0,0,4,0.8951310000265948,,,,,,,,,,,,,,,,,,,,0.8741600000066683,0.8951310000265948,1.4820579999941401,[-0.4166666666666667],[-0.028333333333333332],[1],[0],[0],[0.6075450000353158],[1],['leftCircle'],,,,,,,,,,012226,001,2024-09-04_20h15.23.998,my-trial,2024.2.1post4,59.95408717337748,2024-09-04 20h15.26.400442 +0800,
请选择蓝色,black,red,blue,rightCircle,1,1,0,[0.36666666666666664],[0.035],[1],[0],[0],[0.5309777000220492],[1],['rightCircle'],0,1,1,2,2.5121124000288546,,,,,,,,,,,,,,,,,,,,2.50078649999341,2.5121124000288546,3.0321609000093304,[0.36666666666666664],[0.035],[1],[0],[0],[0.5309777000220492],[1],['rightCircle'],,,,,,,,,,012226,001,2024-09-04_20h15.23.998,my-trial,2024.2.1post4,59.95408717337748,2024-09-04 20h15.26.400442 +0800,
请选择黄色,black,yellow,red,leftCircle,2,2,0,[-0.5216666666666666],[-0.016666666666666666],[1],[0],[0],[0.8309597000479698],[1],['leftCircle'],0,2,2,1,4.061977400036994,,,,,,,,,,,,,,,,,,,,4.050565400044434,4.061977400036994,4.881892500037793,[-0.5216666666666666],[-0.016666666666666666],[1],[0],[0],[0.8309597000479698],[1],['leftCircle'],,,,,,,,,,012226,001,2024-09-04_20h15.23.998,my-trial,2024.2.1post4,59.95408717337748,2024-09-04 20h15.26.400442 +0800,
请选择绿色,black,red,green,rightCircle,3,3,0,[0.375],[-0.041666666666666664],[1],[0],[0],[0.6150592000340112],[1],['rightCircle'],0,3,3,3,5.912318000046071,,,,,,,,,,,,,,,,,,,,5.902130100002978,5.912318000046071,6.517477800021879,[0.375],[-0.041666666666666664],[1],[0],[0],[0.6150592000340112],[1],['rightCircle'],,,,,,,,,,012226,001,2024-09-04_20h15.23.998,my-trial,2024.2.1post4,59.95408717337748,2024-09-04 20h15.26.400442 +0800,
请选择红色,black,red,yellow,leftCircle,4,4,0,[-0.3466666666666667],[-0.02],[1],[0],[0],[0.7643947000033222],[1],['leftCircle'],0,4,4,0,7.5455476000206545,,,,,,,,,,,,,,,,,,,,7.53582600003574,7.5455476000206545,8.300660500011873,[-0.3466666666666667],[-0.02],[1],[0],[0],[0.7643947000033222],[1],['leftCircle'],,,,,,,,,,012226,001,2024-09-04_20h15.23.998,my-trial,2024.2.1post4,59.95408717337748,2024-09-04 20h15.26.400442 +0800,
,,,,,,,,,,,,,,,,,,,,,,,,,,,,,,,,,,,,,,,,,,,,,,,,,,,9.31713680003304,9.509996743872762e-05,12.00002969999332,[0.2916666666666667],[-0.07666666666666666],[1],[0],[0],[2.682565799972508],012226,001,2024-09-04_20h15.23.998,my-trial,2024.2.1post4,59.95408717337748,2024-09-04 20h15.26.400442 +0800,
