﻿text,textColor,leftColor,rightColor,corrAns,thisN,thisTrialN,thisRepN,chosClick.x,chosClick.y,chosClick.leftButton,chosClick.midButton,chosClick.rightButton,chosClick.time,chosClick.corr,chosClick.clicked_name,trials.thisRepN,trials.thisTrialN,trials.thisN,trials.thisIndex,thisRow.t,notes,welcome.started,welcome.stopped,ignClick.x,ignClick.y,ignClick.leftButton,ignClick.midButton,ignClick.rightButton,ignClick.time,gameRule.started,ruleText.started,mouse_5.started,gameRule.stopped,mouse_5.x,mouse_5.y,mouse_5.leftButton,mouse_5.midButton,mouse_5.rightButton,mouse_5.time,trial.started,chosClick.started,trial.stopped,trials.chosClick.x,trials.chosClick.y,trials.chosClick.leftButton,trials.chosClick.midButton,trials.chosClick.rightButton,trials.chosClick.time,trials.chosClick.corr,trials.chosClick.clicked_name,end.started,endClick.started,end.stopped,endClick.x,endClick.y,endClick.leftButton,endClick.midButton,endClick.rightButton,endClick.time,participant,session,date,expName,psychopyVersion,frameRate,expStart,
,,,,,,,,,,,,,,,,,,,,,,0.007185599999502301,0.5421514000045136,[-0.025],[-0.03],[1],[0],[0],[0.5346897999988869],,,,,,,,,,,,,,,,,,,,,,,,,,,,,,,016103,001,2024-09-04_19h30.58.338,my-trial,2024.2.1post4,60.66385671520144,2024-09-04 19h31.00.603501 +0800,
,,,,,,,,,,,,,,,,,,,,,,,,,,,,,,0.5422239999752492,0.5556186999892816,2.9999995604157448e-05,1.008412999974098,[-0.025],[-0.03],[1],[0],[0],[0.4659181999741122],,,,,,,,,,,,,,,,,,,,,016103,001,2024-09-04_19h30.58.338,my-trial,2024.2.1post4,60.66385671520144,2024-09-04 19h31.00.603501 +0800,
请选择蓝色,black,red,blue,rightCircle,0,0,0,[-0.2833333333333333],[0.0033333333333333335],[1],[0],[0],[0.8070086000370793],[0],['leftCircle'],0,0,0,2,1.039222499995958,,,,,,,,,,,,,,,,,,,,1.0176632999791764,1.039222499995958,1.8250062000006437,[-0.2833333333333333],[0.0033333333333333335],[1],[0],[0],[0.8070086000370793],[0],['leftCircle'],,,,,,,,,,016103,001,2024-09-04_19h30.58.338,my-trial,2024.2.1post4,60.66385671520144,2024-09-04 19h31.00.603501 +0800,
请选择黄色,black,yellow,red,leftCircle,1,1,0,[0.38666666666666666],[-0.04],[1],[0],[0],[1.39366580004571],[0],['rightCircle'],0,1,1,1,1.8575198999606073,,,,,,,,,,,,,,,,,,,,1.8473246999783441,1.8575198999606073,3.2413786000106484,[0.38666666666666666],[-0.04],[1],[0],[0],[1.39366580004571],[0],['rightCircle'],,,,,,,,,,016103,001,2024-09-04_19h30.58.338,my-trial,2024.2.1post4,60.66385671520144,2024-09-04 19h31.00.603501 +0800,
请选择绿色,black,red,green,rightCircle,2,2,0,[0.3433333333333333],[-0.03166666666666667],[1],[0],[0],[0.9629884000169113],[1],['rightCircle'],0,2,2,3,3.274313499976415,,,,,,,,,,,,,,,,,,,,3.250405900005717,3.274313499976415,4.213724399975035,[0.3433333333333333],[-0.03166666666666667],[1],[0],[0],[0.9629884000169113],[1],['rightCircle'],,,,,,,,,,016103,001,2024-09-04_19h30.58.338,my-trial,2024.2.1post4,60.66385671520144,2024-09-04 19h31.00.603501 +0800,
请选择红色,black,red,yellow,leftCircle,3,3,0,[-0.415],[-0.06666666666666667],[1],[0],[0],[1.0016756000113674],[1],['leftCircle'],0,3,3,0,4.2387278999667615,,,,,,,,,,,,,,,,,,,,4.223810099996626,4.2387278999667615,5.225827399990521,[-0.415],[-0.06666666666666667],[1],[0],[0],[1.0016756000113674],[1],['leftCircle'],,,,,,,,,,016103,001,2024-09-04_19h30.58.338,my-trial,2024.2.1post4,60.66385671520144,2024-09-04 19h31.00.603501 +0800,
请选择黑色,black,black,yellow,leftCircle,4,4,0,[-0.31833333333333336],[-0.06833333333333333],[1],[0],[0],[0.7589931999682449],[1],['leftCircle'],0,4,4,4,5.241833799984306,,,,,,,,,,,,,,,,,,,,5.232776899996679,5.241833799984306,5.992093399981968,[-0.31833333333333336],[-0.06833333333333333],[1],[0],[0],[0.7589931999682449],[1],['leftCircle'],,,,,,,,,,016103,001,2024-09-04_19h30.58.338,my-trial,2024.2.1post4,60.66385671520144,2024-09-04 19h31.00.603501 +0800,
,,,,,,,,,,,,,,,,,,,,,,,,,,,,,,,,,,,,,,,,,,,,,,,,,,,5.99678230000427,6.630003917962313e-05,6.928361499973107,[0.043333333333333335],[-0.13833333333333334],[1],[0],[0],[0.9312709999503568],016103,001,2024-09-04_19h30.58.338,my-trial,2024.2.1post4,60.66385671520144,2024-09-04 19h31.00.603501 +0800,
