﻿text,textColor,leftColor,rightColor,corrAns,thisN,thisTrialN,thisRepN,chosClick.x,chosClick.y,chosClick.leftButton,chosClick.midButton,chosClick.rightButton,chosClick.time,chosClick.corr,chosClick.clicked_name,trials.thisRepN,trials.thisTrialN,trials.thisN,trials.thisIndex,thisRow.t,notes,welcome.started,welcome.stopped,ignClick.x,ignClick.y,ignClick.leftButton,ignClick.midButton,ignClick.rightButton,ignClick.time,gameRule.started,ruleText.started,mouse_5.started,gameRule.stopped,mouse_5.x,mouse_5.y,mouse_5.leftButton,mouse_5.midButton,mouse_5.rightButton,mouse_5.time,trial.started,chosClick.started,trial.stopped,trials.chosClick.x,trials.chosClick.y,trials.chosClick.leftButton,trials.chosClick.midButton,trials.chosClick.rightButton,trials.chosClick.time,trials.chosClick.corr,trials.chosClick.clicked_name,end.started,endClick.started,end.stopped,endClick.x,endClick.y,endClick.leftButton,endClick.midButton,endClick.rightButton,endClick.time,participant,session,date,expName,psychopyVersion,frameRate,expStart,
,,,,,,,,,,,,,,,,,,,,,,0.015092300018295646,0.5830101000028662,[-0.29],[0.19333333333333333],[1],[0],[0],[0.5675377000006847],,,,,,,,,,,,,,,,,,,,,,,,,,,,,,,034527,001,2024-09-04_20h17.39.941,my-trial,2024.2.1post4,61.8044679662129,2024-09-04 20h17.42.549299 +0800,
,,,,,,,,,,,,,,,,,,,,,,,,,,,,,,0.5830854999949224,0.596624800004065,2.9399991035461426e-05,1.1324640000239015,[-0.29],[0.19333333333333333],[1],[0],[0],[0.5490758000523783],,,,,,,,,,,,,,,,,,,,,034527,001,2024-09-04_20h17.39.941,my-trial,2024.2.1post4,61.8044679662129,2024-09-04 20h17.42.549299 +0800,
请选择红色,black,red,yellow,leftCircle,0,0,0,[-0.3466666666666667],[-0.051666666666666666],[1],[0],[0],[1.1071536000235938],[1],['leftCircle'],0,0,0,0,1.146988800028339,,,,,,,,,,,,,,,,,,,,1.1416647000005469,1.146988800028339,2.249152200005483,[-0.3466666666666667],[-0.051666666666666666],[1],[0],[0],[1.1071536000235938],[1],['leftCircle'],,,,,,,,,,034527,001,2024-09-04_20h17.39.941,my-trial,2024.2.1post4,61.8044679662129,2024-09-04 20h17.42.549299 +0800,
请选择绿色,black,red,green,rightCircle,1,1,0,[0.325],[0.006666666666666667],[1],[0],[0],[0.5144257000065409],[1],['rightCircle'],0,1,1,3,3.279520499985665,,,,,,,,,,,,,,,,,,,,3.2685563000268303,3.279520499985665,3.7833056999952532,[0.325],[0.006666666666666667],[1],[0],[0],[0.5144257000065409],[1],['rightCircle'],,,,,,,,,,034527,001,2024-09-04_20h17.39.941,my-trial,2024.2.1post4,61.8044679662129,2024-09-04 20h17.42.549299 +0800,
请选择黄色,black,yellow,red,leftCircle,2,2,0,[0.33],[0.015],[1],[0],[0],[0.5302729999530129],[0],['rightCircle'],0,2,2,1,4.813891199999489,,,,,,,,,,,,,,,,,,,,4.802894500026014,4.813891199999489,5.333455600019079,[0.33],[0.015],[1],[0],[0],[0.5302729999530129],[0],['rightCircle'],,,,,,,,,,034527,001,2024-09-04_20h17.39.941,my-trial,2024.2.1post4,61.8044679662129,2024-09-04 20h17.42.549299 +0800,
请选择黑色,black,black,yellow,leftCircle,3,3,0,[-0.31166666666666665],[-0.0033333333333333335],[1],[0],[0],[0.615623899968341],[1],['leftCircle'],0,3,3,4,6.36351499997545,,,,,,,,,,,,,,,,,,,,6.352462699986063,6.36351499997545,6.968520599999465,[-0.31166666666666665],[-0.0033333333333333335],[1],[0],[0],[0.615623899968341],[1],['leftCircle'],,,,,,,,,,034527,001,2024-09-04_20h17.39.941,my-trial,2024.2.1post4,61.8044679662129,2024-09-04 20h17.42.549299 +0800,
请选择蓝色,black,red,blue,rightCircle,4,4,0,[0.3516666666666667],[0.0],[1],[0],[0],[0.630993300001137],[1],['rightCircle'],0,4,4,2,7.996591900009662,,,,,,,,,,,,,,,,,,,,7.987034699996002,7.996591900009662,8.618374900019262,[0.3516666666666667],[0.0],[1],[0],[0],[0.630993300001137],[1],['rightCircle'],,,,,,,,,,034527,001,2024-09-04_20h17.39.941,my-trial,2024.2.1post4,61.8044679662129,2024-09-04 20h17.42.549299 +0800,
,,,,,,,,,,,,,,,,,,,,,,,,,,,,,,,,,,,,,,,,,,,,,,,,,,,9.635977199999616,8.919998072087765e-05,10.234638900030404,[0.013333333333333334],[-0.04],[1],[0],[0],[0.5983043999876827],034527,001,2024-09-04_20h17.39.941,my-trial,2024.2.1post4,61.8044679662129,2024-09-04 20h17.42.549299 +0800,
