﻿text,textColor,leftColor,rightColor,corrAns,thisN,thisTrialN,thisRepN,chosClick.x,chosClick.y,chosClick.leftButton,chosClick.midButton,chosClick.rightButton,chosClick.time,chosClick.corr,chosClick.clicked_name,trials.thisRepN,trials.thisTrialN,trials.thisN,trials.thisIndex,thisRow.t,notes,welcome.started,welcome.stopped,ignClick.x,ignClick.y,ignClick.leftButton,ignClick.midButton,ignClick.rightButton,ignClick.time,gameRule.started,ruleText.started,mouse_5.started,gameRule.stopped,mouse_5.x,mouse_5.y,mouse_5.leftButton,mouse_5.midButton,mouse_5.rightButton,mouse_5.time,trial.started,chosClick.started,trial.stopped,trials.chosClick.x,trials.chosClick.y,trials.chosClick.leftButton,trials.chosClick.midButton,trials.chosClick.rightButton,trials.chosClick.time,trials.chosClick.corr,trials.chosClick.clicked_name,end.started,endClick.started,end.stopped,endClick.x,endClick.y,endClick.leftButton,endClick.midButton,endClick.rightButton,endClick.time,participant,session,date,expName,psychopyVersion,frameRate,expStart,
,,,,,,,,,,,,,,,,,,,,,,0.16274840000551194,0.713018300011754,[-0.145],[-0.02666666666666667],[1],[0],[0],[0.5498367000254802],,,,,,,,,,,,,,,,,,,,,,,,,,,,,,,040444,001,2024-09-04_19h57.24.094,my-trial,2024.2.1post4,60.2894496479268,2024-09-04 19h57.26.801993 +0800,
,,,,,,,,,,,,,,,,,,,,,,,,,,,,,,0.7130989999859594,0.7276091999956407,3.170000854879618e-05,1.163095300027635,[-0.14166666666666666],[-0.065],[1],[0],[0],[0.44966340000974014],,,,,,,,,,,,,,,,,,,,,040444,001,2024-09-04_19h57.24.094,my-trial,2024.2.1post4,60.2894496479268,2024-09-04 19h57.26.801993 +0800,
请选择黄色,black,yellow,red,leftCircle,0,0,0,[-0.405],[0.03166666666666667],[1],[0],[0],[0.8067451000097208],[1],['leftCircle'],0,0,0,1,1.1936956000281498,,,,,,,,,,,,,,,,,,,,1.1731354999938048,1.1936956000281498,1.980275999987498,[-0.405],[0.03166666666666667],[1],[0],[0],[0.8067451000097208],[1],['leftCircle'],,,,,,,,,,040444,001,2024-09-04_19h57.24.094,my-trial,2024.2.1post4,60.2894496479268,2024-09-04 19h57.26.801993 +0800,
请选择黑色,black,black,yellow,leftCircle,1,1,0,[0.32],[0.005],[1],[0],[0],[0.7300501999561675],[0],['rightCircle'],0,1,1,4,1.9945146000245586,,,,,,,,,,,,,,,,,,,,1.9834279000060633,1.9945146000245586,2.7138137000147253,[0.32],[0.005],[1],[0],[0],[0.7300501999561675],[0],['rightCircle'],,,,,,,,,,040444,001,2024-09-04_19h57.24.094,my-trial,2024.2.1post4,60.2894496479268,2024-09-04 19h57.26.801993 +0800,
请选择红色,black,red,yellow,leftCircle,2,2,0,[-0.38166666666666665],[-0.045],[1],[0],[0],[2.580645000038203],[1],['leftCircle'],0,2,2,0,2.729716300033033,,,,,,,,,,,,,,,,,,,,2.7170541000086814,2.729716300033033,5.298033700033557,[-0.38166666666666665],[-0.045],[1],[0],[0],[2.580645000038203],[1],['leftCircle'],,,,,,,,,,040444,001,2024-09-04_19h57.24.094,my-trial,2024.2.1post4,60.2894496479268,2024-09-04 19h57.26.801993 +0800,
请选择蓝色,black,red,blue,rightCircle,3,3,0,[0.345],[-0.008333333333333333],[1],[0],[0],[1.1142526000039652],[1],['rightCircle'],0,3,3,2,5.312817600031849,,,,,,,,,,,,,,,,,,,,5.300891900027636,5.312817600031849,6.415466400037985,[0.345],[-0.008333333333333333],[1],[0],[0],[1.1142526000039652],[1],['rightCircle'],,,,,,,,,,040444,001,2024-09-04_19h57.24.094,my-trial,2024.2.1post4,60.2894496479268,2024-09-04 19h57.26.801993 +0800,
请选择绿色,black,red,green,rightCircle,4,4,0,[0.37166666666666665],[0.015],[1],[0],[0],[0.9460712000145577],[1],['rightCircle'],0,4,4,3,6.428970700013451,,,,,,,,,,,,,,,,,,,,6.41832080000313,6.428970700013451,7.364692500035744,[0.37166666666666665],[0.015],[1],[0],[0],[0.9460712000145577],[1],['rightCircle'],,,,,,,,,,040444,001,2024-09-04_19h57.24.094,my-trial,2024.2.1post4,60.2894496479268,2024-09-04 19h57.26.801993 +0800,
,,,,,,,,,,,,,,,,,,,,,,,,,,,,,,,,,,,,,,,,,,,,,,,,,,,7.364802900003269,5.7299970649182796e-05,8.148323400004301,[0.21833333333333332],[-0.021666666666666667],[1],[0],[0],[0.7832010999554768],040444,001,2024-09-04_19h57.24.094,my-trial,2024.2.1post4,60.2894496479268,2024-09-04 19h57.26.801993 +0800,
