﻿text,textColor,leftColor,rightColor,corrAns,thisN,thisTrialN,thisRepN,chosClick.x,chosClick.y,chosClick.leftButton,chosClick.midButton,chosClick.rightButton,chosClick.time,chosClick.corr,chosClick.clicked_name,trials.thisRepN,trials.thisTrialN,trials.thisN,trials.thisIndex,thisRow.t,notes,welcome.started,welcome.stopped,ignClick.x,ignClick.y,ignClick.leftButton,ignClick.midButton,ignClick.rightButton,ignClick.time,gameRule.started,ruleText.started,mouse_5.started,gameRule.stopped,mouse_5.x,mouse_5.y,mouse_5.leftButton,mouse_5.midButton,mouse_5.rightButton,mouse_5.time,trial.started,chosClick.started,trial.stopped,trials.chosClick.x,trials.chosClick.y,trials.chosClick.leftButton,trials.chosClick.midButton,trials.chosClick.rightButton,trials.chosClick.time,trials.chosClick.corr,trials.chosClick.clicked_name,end.started,endClick.started,end.stopped,endClick.x,endClick.y,endClick.leftButton,endClick.midButton,endClick.rightButton,endClick.time,participant,session,date,expName,psychopyVersion,frameRate,expStart,
,,,,,,,,,,,,,,,,,,,,,,0.031403300003148615,2.1155966000515036,[0.30833333333333335],[-0.016666666666666666],[1],[0],[0],[2.0838999000261538],,,,,,,,,,,,,,,,,,,,,,,,,,,,,,,066732,001,2024-09-04_19h09.18.954,my-trial,2024.2.1post4,60.85105062944147,2024-09-04 19h09.21.491198 +0800,
,,,,,,,,,,,,,,,,,,,,,,,,,,,,,,2.115668900019955,2.1345898000290617,2.9199989512562752e-05,2.781806700048037,[0.30833333333333335],[-0.016666666666666666],[1],[0],[0],[0.6658480000332929],,,,,,,,,,,,,,,,,,,,,066732,001,2024-09-04_19h09.18.954,my-trial,2024.2.1post4,60.85105062944147,2024-09-04 19h09.21.491198 +0800,
请选择黑色,black,black,yellow,leftCircle,0,0,0,[-0.405],[0.03166666666666667],[1],[0],[0],[0.8360659999889322],[1],['leftCircle'],0,0,0,4,2.813322300033178,,,,,,,,,,,,,,,,,,,,2.802394099999219,2.813322300033178,3.6388612000155263,[-0.405],[0.03166666666666667],[1],[0],[0],[0.8360659999889322],[1],['leftCircle'],,,,,,,,,,066732,001,2024-09-04_19h09.18.954,my-trial,2024.2.1post4,60.85105062944147,2024-09-04 19h09.21.491198 +0800,
请选择红色,black,red,yellow,leftCircle,1,1,0,[-0.405],[0.03166666666666667],[1],[0],[0],[1.2948658000095747],[1],['leftCircle'],0,1,1,0,3.6609229000168853,,,,,,,,,,,,,,,,,,,,3.6424097000272013,3.6609229000168853,4.9376121000386775,[-0.405],[0.03166666666666667],[1],[0],[0],[1.2948658000095747],[1],['leftCircle'],,,,,,,,,,066732,001,2024-09-04_19h09.18.954,my-trial,2024.2.1post4,60.85105062944147,2024-09-04 19h09.21.491198 +0800,
请选择绿色,black,red,green,rightCircle,2,2,0,[0.44],[-0.011666666666666667],[1],[0],[0],[1.0309795999783091],[1],['rightCircle'],0,2,2,3,4.965156999998726,,,,,,,,,,,,,,,,,,,,4.940918200009037,4.965156999998726,5.972306200012099,[0.44],[-0.011666666666666667],[1],[0],[0],[1.0309795999783091],[1],['rightCircle'],,,,,,,,,,066732,001,2024-09-04_19h09.18.954,my-trial,2024.2.1post4,60.85105062944147,2024-09-04 19h09.21.491198 +0800,
请选择黄色,black,yellow,red,leftCircle,3,3,0,[0.43],[-0.015],[1],[0],[0],[1.0246233000070788],[0],['rightCircle'],0,3,3,1,5.99429840000812,,,,,,,,,,,,,,,,,,,,5.975055500050075,5.99429840000812,7.000085100007709,[0.43],[-0.015],[1],[0],[0],[1.0246233000070788],[0],['rightCircle'],,,,,,,,,,066732,001,2024-09-04_19h09.18.954,my-trial,2024.2.1post4,60.85105062944147,2024-09-04 19h09.21.491198 +0800,
请选择蓝色,black,red,blue,rightCircle,4,4,0,[-0.4483333333333333],[0.025],[1],[0],[0],[1.1675861000549048],[0],['leftCircle'],0,4,4,2,7.018449800030794,,,,,,,,,,,,,,,,,,,,7.002817700034939,7.018449800030794,8.17082300002221,[-0.4483333333333333],[0.025],[1],[0],[0],[1.1675861000549048],[0],['leftCircle'],,,,,,,,,,066732,001,2024-09-04_19h09.18.954,my-trial,2024.2.1post4,60.85105062944147,2024-09-04 19h09.21.491198 +0800,
,,,,,,,,,,,,,,,,,,,,,,,,,,,,,,,,,,,,,,,,,,,,,,,,,,,8.170957599999383,6.020005093887448e-05,9.054800700047053,[-0.058333333333333334],[0.07],[1],[0],[0],[0.8834516000351869],066732,001,2024-09-04_19h09.18.954,my-trial,2024.2.1post4,60.85105062944147,2024-09-04 19h09.21.491198 +0800,
