﻿text,textColor,leftColor,rightColor,corrAns,thisN,thisTrialN,thisRepN,chosClick.x,chosClick.y,chosClick.leftButton,chosClick.midButton,chosClick.rightButton,chosClick.time,chosClick.corr,chosClick.clicked_name,trials.thisRepN,trials.thisTrialN,trials.thisN,trials.thisIndex,thisRow.t,notes,welcome.started,welcome.stopped,ignClick.x,ignClick.y,ignClick.leftButton,ignClick.midButton,ignClick.rightButton,ignClick.time,gameRule.started,ruleText.started,mouse_5.started,gameRule.stopped,mouse_5.x,mouse_5.y,mouse_5.leftButton,mouse_5.midButton,mouse_5.rightButton,mouse_5.time,trial.started,chosClick.started,trial.stopped,trials.chosClick.x,trials.chosClick.y,trials.chosClick.leftButton,trials.chosClick.midButton,trials.chosClick.rightButton,trials.chosClick.time,trials.chosClick.corr,trials.chosClick.clicked_name,end.started,endClick.started,end.stopped,endClick.x,endClick.y,endClick.leftButton,endClick.midButton,endClick.rightButton,endClick.time,participant,session,date,expName,psychopyVersion,frameRate,expStart,
,,,,,,,,,,,,,,,,,,,,,,0.011318099976051599,0.495963399996981,[0.025],[0.18],[1],[0],[0],[0.4842964000417851],,,,,,,,,,,,,,,,,,,,,,,,,,,,,,,085771,001,2024-09-04_20h18.13.389,my-trial,2024.2.1post4,60.05627274355227,2024-09-04 20h18.16.165036 +0800,
,,,,,,,,,,,,,,,,,,,,,,,,,,,,,,0.49603430001297966,0.5098683999967761,3.679998917505145e-05,0.8793196000042371,[0.025],[0.18],[1],[0],[0],[0.3830043000052683],,,,,,,,,,,,,,,,,,,,,085771,001,2024-09-04_20h18.13.389,my-trial,2024.2.1post4,60.05627274355227,2024-09-04 20h18.16.165036 +0800,
请选择黄色,black,yellow,red,leftCircle,0,0,0,[-0.3],[0.025],[1],[0],[0],[0.773660300008487],[1],['leftCircle'],0,0,0,1,0.9093869999633171,,,,,,,,,,,,,,,,,,,,0.8889777999720536,0.9093869999633171,1.6630514999851584,[-0.3],[0.025],[1],[0],[0],[0.773660300008487],[1],['leftCircle'],,,,,,,,,,085771,001,2024-09-04_20h18.13.389,my-trial,2024.2.1post4,60.05627274355227,2024-09-04 20h18.16.165036 +0800,
请选择蓝色,black,red,blue,rightCircle,1,1,0,[0.305],[0.021666666666666667],[1],[0],[0],[0.7299118000082672],[1],['rightCircle'],0,1,1,2,2.6931630999897607,,,,,,,,,,,,,,,,,,,,2.6834512999630533,2.6931630999897607,3.413744499965105,[0.305],[0.021666666666666667],[1],[0],[0],[0.7299118000082672],[1],['rightCircle'],,,,,,,,,,085771,001,2024-09-04_20h18.13.389,my-trial,2024.2.1post4,60.05627274355227,2024-09-04 20h18.16.165036 +0800,
请选择绿色,black,red,green,rightCircle,2,2,0,[0.23666666666666666],[-0.005],[1],[0],[0],[0.7478663999936543],[1],['rightCircle'],0,2,2,3,4.442992299969774,,,,,,,,,,,,,,,,,,,,4.433299799973611,4.442992299969774,5.181464099965524,[0.23666666666666666],[-0.005],[1],[0],[0],[0.7478663999936543],[1],['rightCircle'],,,,,,,,,,085771,001,2024-09-04_20h18.13.389,my-trial,2024.2.1post4,60.05627274355227,2024-09-04 20h18.16.165036 +0800,
请选择红色,black,red,yellow,leftCircle,3,3,0,[-0.32666666666666666],[0.0],[1],[0],[0],[0.5801898000063375],[1],['leftCircle'],0,3,3,0,6.210089300002437,,,,,,,,,,,,,,,,,,,,6.200254299968947,6.210089300002437,6.7808348999824375,[-0.32666666666666666],[0.0],[1],[0],[0],[0.5801898000063375],[1],['leftCircle'],,,,,,,,,,085771,001,2024-09-04_20h18.13.389,my-trial,2024.2.1post4,60.05627274355227,2024-09-04 20h18.16.165036 +0800,
请选择黑色,black,black,yellow,leftCircle,4,4,0,[-0.235],[-0.01],[1],[0],[0],[0.6629665999789722],[1],['leftCircle'],0,4,4,4,7.809872899961192,,,,,,,,,,,,,,,,,,,,7.801030699978583,7.809872899961192,8.46441859996412,[-0.235],[-0.01],[1],[0],[0],[0.6629665999789722],[1],['leftCircle'],,,,,,,,,,085771,001,2024-09-04_20h18.13.389,my-trial,2024.2.1post4,60.05627274355227,2024-09-04 20h18.16.165036 +0800,
,,,,,,,,,,,,,,,,,,,,,,,,,,,,,,,,,,,,,,,,,,,,,,,,,,,9.480955299979541,9.099999442696571e-05,10.414196399971843,[-0.26],[-0.011666666666666667],[1],[0],[0],[0.9327947999699973],085771,001,2024-09-04_20h18.13.389,my-trial,2024.2.1post4,60.05627274355227,2024-09-04 20h18.16.165036 +0800,
