﻿text,textColor,leftColor,rightColor,corrAns,thisN,thisTrialN,thisRepN,chosClick.x,chosClick.y,chosClick.leftButton,chosClick.midButton,chosClick.rightButton,chosClick.time,chosClick.corr,chosClick.clicked_name,trials.thisRepN,trials.thisTrialN,trials.thisN,trials.thisIndex,thisRow.t,notes,welcome.started,welcome.stopped,ignClick.x,ignClick.y,ignClick.leftButton,ignClick.midButton,ignClick.rightButton,ignClick.time,gameRule.started,ruleText.started,mouse_5.started,gameRule.stopped,mouse_5.x,mouse_5.y,mouse_5.leftButton,mouse_5.midButton,mouse_5.rightButton,mouse_5.time,trial.started,chosClick.started,trial.stopped,trials.chosClick.x,trials.chosClick.y,trials.chosClick.leftButton,trials.chosClick.midButton,trials.chosClick.rightButton,trials.chosClick.time,trials.chosClick.corr,trials.chosClick.clicked_name,participant,session,date,expName,psychopyVersion,frameRate,expStart,
,,,,,,,,,,,,,,,,,,,,,,0.020576900045853108,0.5384735999978147,[-0.20166666666666666],[0.18166666666666667],[1],[0],[0],[0.5175771999638528],,,,,,,,,,,,,,,,,,,,,,104145,001,2024-09-04_19h48.51.339,my-trial,2024.2.1post4,60.916735968993756,2024-09-04 19h48.54.085322 +0800,
,,,,,,,,,,,,,,,,,,,,,,,,,,,,,,0.5385431000031531,0.5523827000288293,2.9199989512562752e-05,1.17220010003075,[-0.20166666666666666],[0.17833333333333334],[1],[0],[0],[0.6333348999614827],,,,,,,,,,,,104145,001,2024-09-04_19h48.51.339,my-trial,2024.2.1post4,60.916735968993756,2024-09-04 19h48.54.085322 +0800,
请选择蓝色,black,red,blue,rightCircle,0,0,0,[0.39666666666666667],[-0.008333333333333333],[1],[0],[0],[0.9886907000327483],[1],['rightCircle'],0,0,0,2,1.2023398000164889,,,,,,,,,,,,,,,,,,,,1.1823561000055633,1.2023398000164889,2.1713767000474036,[0.39666666666666667],[-0.008333333333333333],[1],[0],[0],[0.9886907000327483],[1],['rightCircle'],104145,001,2024-09-04_19h48.51.339,my-trial,2024.2.1post4,60.916735968993756,2024-09-04 19h48.54.085322 +0800,
请选择绿色,black,red,green,rightCircle,1,1,0,[-0.275],[-0.02],[1],[0],[0],[4.032293600030243],[0],['leftCircle'],0,1,1,3,2.185573700000532,,,,,,,,,,,,,,,,,,,,2.1743724000407383,2.185573700000532,6.207013300037943,[-0.275],[-0.02],[1],[0],[0],[4.032293600030243],[0],['leftCircle'],104145,001,2024-09-04_19h48.51.339,my-trial,2024.2.1post4,60.916735968993756,2024-09-04 19h48.54.085322 +0800,
请选择黄色,black,yellow,red,leftCircle,2,2,0,"[-0.10166666666666667, -0.345]","[0.04, -0.016666666666666666]","[1, 1]","[0, 0]","[0, 0]","[4.627945800020825, 4.861078899994027]",[1],"[None, 'leftCircle']",0,2,2,1,6.21893120004097,,,,,,,,,,,,,,,,,,,,6.210003200045321,6.21893120004097,11.07141670002602,"[-0.10166666666666667, -0.345]","[0.04, -0.016666666666666666]","[1, 1]","[0, 0]","[0, 0]","[4.627945800020825, 4.861078899994027]",[1],"[None, 'leftCircle']",104145,001,2024-09-04_19h48.51.339,my-trial,2024.2.1post4,60.916735968993756,2024-09-04 19h48.54.085322 +0800,
请选择红色,black,red,yellow,leftCircle,3,3,0,,,,,,,,,0,3,3,0,11.085448800004087,,,,,,,,,,,,,,,,,,,,11.074439000047278,11.085448800004087,,,,,,,,,,,,,,,,,
