﻿text,textColor,leftColor,rightColor,corrAns,thisN,thisTrialN,thisRepN,chosClick.x,chosClick.y,chosClick.leftButton,chosClick.midButton,chosClick.rightButton,chosClick.time,chosClick.corr,chosClick.clicked_name,trials.thisRepN,trials.thisTrialN,trials.thisN,trials.thisIndex,thisRow.t,notes,welcome.started,welcome.stopped,ignClick.x,ignClick.y,ignClick.leftButton,ignClick.midButton,ignClick.rightButton,ignClick.time,gameRule.started,ruleText.started,mouse_5.started,gameRule.stopped,mouse_5.x,mouse_5.y,mouse_5.leftButton,mouse_5.midButton,mouse_5.rightButton,mouse_5.time,trial.started,chosClick.started,trial.stopped,trials.chosClick.x,trials.chosClick.y,trials.chosClick.leftButton,trials.chosClick.midButton,trials.chosClick.rightButton,trials.chosClick.time,trials.chosClick.corr,trials.chosClick.clicked_name,end.started,endClick.started,end.stopped,endClick.x,endClick.y,endClick.leftButton,endClick.midButton,endClick.rightButton,endClick.time,participant,session,date,expName,psychopyVersion,frameRate,expStart,
,,,,,,,,,,,,,,,,,,,,,,0.017846599977929145,0.6680522999959067,[-0.275],[0.19166666666666668],[1],[0],[0],[0.6497943999711424],,,,,,,,,,,,,,,,,,,,,,,,,,,,,,,127287,001,2024-09-04_19h56.05.050,my-trial,2024.2.1post4,61.0928782887462,2024-09-04 19h56.07.785407 +0800,
,,,,,,,,,,,,,,,,,,,,,,,,,,,,,,0.668126399978064,0.6825849000015296,2.8900045435875654e-05,1.1015030999551527,[-0.275],[0.19166666666666668],[1],[0],[0],[0.43311699997866526],,,,,,,,,,,,,,,,,,,,,127287,001,2024-09-04_19h56.05.050,my-trial,2024.2.1post4,61.0928782887462,2024-09-04 19h56.07.785407 +0800,
请选择蓝色,black,red,blue,rightCircle,0,0,0,[0.3416666666666667],[-0.04666666666666667],[1],[0],[0],[0.8732524999650195],[1],['rightCircle'],0,0,0,2,1.1319407999981195,,,,,,,,,,,,,,,,,,,,1.1115868999622762,1.1319407999981195,1.985181999974884,[0.3416666666666667],[-0.04666666666666667],[1],[0],[0],[0.8732524999650195],[1],['rightCircle'],,,,,,,,,,127287,001,2024-09-04_19h56.05.050,my-trial,2024.2.1post4,61.0928782887462,2024-09-04 19h56.07.785407 +0800,
请选择绿色,black,red,green,rightCircle,1,1,0,[0.28833333333333333],[-0.04833333333333333],[1],[0],[0],[0.7151102999923751],[1],['rightCircle'],0,1,1,3,1.999476799974218,,,,,,,,,,,,,,,,,,,,1.988231299968902,1.999476799974218,2.7036336999735795,[0.28833333333333333],[-0.04833333333333333],[1],[0],[0],[0.7151102999923751],[1],['rightCircle'],,,,,,,,,,127287,001,2024-09-04_19h56.05.050,my-trial,2024.2.1post4,61.0928782887462,2024-09-04 19h56.07.785407 +0800,
请选择红色,black,red,yellow,leftCircle,2,2,0,[-0.3016666666666667],[-0.041666666666666664],[1],[0],[0],[0.7786722000455484],[1],['leftCircle'],0,2,2,0,2.716273400001228,,,,,,,,,,,,,,,,,,,,2.7064787999843247,2.716273400001228,3.485466299986001,[-0.3016666666666667],[-0.041666666666666664],[1],[0],[0],[0.7786722000455484],[1],['leftCircle'],,,,,,,,,,127287,001,2024-09-04_19h56.05.050,my-trial,2024.2.1post4,61.0928782887462,2024-09-04 19h56.07.785407 +0800,
请选择黑色,black,black,yellow,leftCircle,3,3,0,[-0.42],[-0.025],[1],[0],[0],[0.7991268000332639],[1],['leftCircle'],0,3,3,4,3.499710999953095,,,,,,,,,,,,,,,,,,,,3.488501699990593,3.499710999953095,4.287965499970596,[-0.42],[-0.025],[1],[0],[0],[0.7991268000332639],[1],['leftCircle'],,,,,,,,,,127287,001,2024-09-04_19h56.05.050,my-trial,2024.2.1post4,61.0928782887462,2024-09-04 19h56.07.785407 +0800,
请选择黄色,black,yellow,red,leftCircle,4,4,0,[-0.2866666666666667],[-0.03666666666666667],[1],[0],[0],[1.1794923999696039],[1],['leftCircle'],0,4,4,1,4.301270900003146,,,,,,,,,,,,,,,,,,,,4.291029899963178,4.301270900003146,5.470911199983675,[-0.2866666666666667],[-0.03666666666666667],[1],[0],[0],[1.1794923999696039],[1],['leftCircle'],,,,,,,,,,127287,001,2024-09-04_19h56.05.050,my-trial,2024.2.1post4,61.0928782887462,2024-09-04 19h56.07.785407 +0800,
,,,,,,,,,,,,,,,,,,,,,,,,,,,,,,,,,,,,,,,,,,,,,,,,,,,5.471034899994265,6.660004146397114e-05,6.020596699963789,[-0.03333333333333333],[-0.043333333333333335],[1],[0],[0],[0.5492802999797277],127287,001,2024-09-04_19h56.05.050,my-trial,2024.2.1post4,61.0928782887462,2024-09-04 19h56.07.785407 +0800,
