﻿text,textColor,leftColor,rightColor,corrAns,thisN,thisTrialN,thisRepN,chosClick.x,chosClick.y,chosClick.leftButton,chosClick.midButton,chosClick.rightButton,chosClick.time,chosClick.corr,chosClick.clicked_name,trials.thisRepN,trials.thisTrialN,trials.thisN,trials.thisIndex,thisRow.t,notes,welcome.started,welcome.stopped,ignClick.x,ignClick.y,ignClick.leftButton,ignClick.midButton,ignClick.rightButton,ignClick.time,gameRule.started,ruleText.started,mouse_5.started,gameRule.stopped,mouse_5.x,mouse_5.y,mouse_5.leftButton,mouse_5.midButton,mouse_5.rightButton,mouse_5.time,trial.started,chosClick.started,trial.stopped,trials.chosClick.x,trials.chosClick.y,trials.chosClick.leftButton,trials.chosClick.midButton,trials.chosClick.rightButton,trials.chosClick.time,trials.chosClick.corr,trials.chosClick.clicked_name,participant,session,date,expName,psychopyVersion,frameRate,expStart,
,,,,,,,,,,,,,,,,,,,,,,0.01770629995735362,0.45266650000121444,[0.08],[-0.09333333333333334],[1],[0],[0],[0.43465710000600666],,,,,,,,,,,,,,,,,,,,,,307129,001,2024-09-04_20h02.25.068,my-trial,2024.2.1post4,60.295883968620565,2024-09-04 20h02.27.949830 +0800,
,,,,,,,,,,,,,,,,,,,,,,,,,,,,,,0.4527375999605283,0.4665032999473624,3.130000550299883e-05,0.8525160999852233,[-0.0016666666666666668],[-0.06666666666666667],[1],[0],[0],[0.3993718999554403],,,,,,,,,,,,307129,001,2024-09-04_20h02.25.068,my-trial,2024.2.1post4,60.295883968620565,2024-09-04 20h02.27.949830 +0800,
请选择红色,black,red,yellow,leftCircle,0,0,0,[-0.305],[-0.0016666666666666668],[1],[0],[0],[0.5402262999559753],[1],['leftCircle'],0,0,0,0,0.8822193999658339,,,,,,,,,,,,,,,,,,,,0.8624620999908075,0.8822193999658339,1.4030844999942929,[-0.305],[-0.0016666666666666668],[1],[0],[0],[0.5402262999559753],[1],['leftCircle'],307129,001,2024-09-04_20h02.25.068,my-trial,2024.2.1post4,60.295883968620565,2024-09-04 20h02.27.949830 +0800,
请选择黑色,black,black,yellow,leftCircle,1,1,0,,,,,,,,,0,1,1,4,3.432411699963268,,,,,,,,,,,,,,,,,,,,3.4216504999785684,3.432411699963268,,,,,,,,,,,,,,,,,
