﻿text,textColor,leftColor,rightColor,corrAns,thisN,thisTrialN,thisRepN,chosClick.x,chosClick.y,chosClick.leftButton,chosClick.midButton,chosClick.rightButton,chosClick.time,chosClick.corr,chosClick.clicked_name,trials.thisRepN,trials.thisTrialN,trials.thisN,trials.thisIndex,thisRow.t,notes,welcome.started,welcome.stopped,ignClick.x,ignClick.y,ignClick.leftButton,ignClick.midButton,ignClick.rightButton,ignClick.time,gameRule.started,ruleText.started,mouse_5.started,gameRule.stopped,mouse_5.x,mouse_5.y,mouse_5.leftButton,mouse_5.midButton,mouse_5.rightButton,mouse_5.time,trial.started,chosClick.started,trial.stopped,trials.chosClick.x,trials.chosClick.y,trials.chosClick.leftButton,trials.chosClick.midButton,trials.chosClick.rightButton,trials.chosClick.time,trials.chosClick.corr,trials.chosClick.clicked_name,end.started,endClick.started,end.stopped,endClick.x,endClick.y,endClick.leftButton,endClick.midButton,endClick.rightButton,endClick.time,participant,session,date,expName,psychopyVersion,frameRate,expStart,
,,,,,,,,,,,,,,,,,,,,,,0.019018499995581806,0.4978652999852784,[-0.03],[0.06666666666666667],[1],[0],[0],[0.4785694000311196],,,,,,,,,,,,,,,,,,,,,,,,,,,,,,,322238,001,2024-09-04_19h56.34.890,my-trial,2024.2.1post4,60.99770282535224,2024-09-04 19h56.37.906562 +0800,
,,,,,,,,,,,,,,,,,,,,,,,,,,,,,,0.4979621000238694,0.5134377999929711,2.989999484270811e-05,0.8644439000054263,[-0.03],[0.06666666666666667],[1],[0],[0],[0.3661788000026718],,,,,,,,,,,,,,,,,,,,,322238,001,2024-09-04_19h56.34.890,my-trial,2024.2.1post4,60.99770282535224,2024-09-04 19h56.37.906562 +0800,
请选择绿色,black,red,green,rightCircle,0,0,0,[-0.375],[0.04833333333333333],[1],[0],[0],[0.7899041000055149],[0],['leftCircle'],0,0,0,3,0.8952123000053689,,,,,,,,,,,,,,,,,,,,0.8745102999964729,0.8952123000053689,1.6647714999853633,[-0.375],[0.04833333333333333],[1],[0],[0],[0.7899041000055149],[0],['leftCircle'],,,,,,,,,,322238,001,2024-09-04_19h56.34.890,my-trial,2024.2.1post4,60.99770282535224,2024-09-04 19h56.37.906562 +0800,
请选择黑色,black,black,yellow,leftCircle,1,1,0,[-0.42],[0.0016666666666666668],[1],[0],[0],[0.8639607999939471],[1],['leftCircle'],0,1,1,4,1.679467600013595,,,,,,,,,,,,,,,,,,,,1.6676054000272416,1.679467600013595,2.531996799982153,[-0.42],[0.0016666666666666668],[1],[0],[0],[0.8639607999939471],[1],['leftCircle'],,,,,,,,,,322238,001,2024-09-04_19h56.34.890,my-trial,2024.2.1post4,60.99770282535224,2024-09-04 19h56.37.906562 +0800,
请选择黄色,black,yellow,red,leftCircle,2,2,0,[-0.43333333333333335],[0.0],[1],[0],[0],[2.731954399961978],[1],['leftCircle'],0,2,2,1,2.546144000021741,,,,,,,,,,,,,,,,,,,,2.534902499988675,2.546144000021741,5.2672555000172,[-0.43333333333333335],[0.0],[1],[0],[0],[2.731954399961978],[1],['leftCircle'],,,,,,,,,,322238,001,2024-09-04_19h56.34.890,my-trial,2024.2.1post4,60.99770282535224,2024-09-04 19h56.37.906562 +0800,
请选择红色,black,red,yellow,leftCircle,3,3,0,[0.32666666666666666],[0.008333333333333333],[1],[0],[0],[1.0650315000093542],[0],['rightCircle'],0,3,3,0,5.281200500030536,,,,,,,,,,,,,,,,,,,,5.270508399989922,5.281200500030536,6.335971200023778,[0.32666666666666666],[0.008333333333333333],[1],[0],[0],[1.0650315000093542],[0],['rightCircle'],,,,,,,,,,322238,001,2024-09-04_19h56.34.890,my-trial,2024.2.1post4,60.99770282535224,2024-09-04 19h56.37.906562 +0800,
请选择蓝色,black,red,blue,rightCircle,4,4,0,[-0.375],[-0.013333333333333334],[1],[0],[0],[1.160252700035926],[0],['leftCircle'],0,4,4,2,6.348159899993334,,,,,,,,,,,,,,,,,,,,6.33929440000793,6.348159899993334,7.499914699990768,[-0.375],[-0.013333333333333334],[1],[0],[0],[1.160252700035926],[0],['leftCircle'],,,,,,,,,,322238,001,2024-09-04_19h56.34.890,my-trial,2024.2.1post4,60.99770282535224,2024-09-04 19h56.37.906562 +0800,
,,,,,,,,,,,,,,,,,,,,,,,,,,,,,,,,,,,,,,,,,,,,,,,,,,,7.500028399983421,5.730002885684371e-05,7.999955500010401,[-0.18333333333333332],[-0.10833333333333334],[1],[0],[0],[0.4996374999755062],322238,001,2024-09-04_19h56.34.890,my-trial,2024.2.1post4,60.99770282535224,2024-09-04 19h56.37.906562 +0800,
