﻿text,textColor,leftColor,rightColor,corrAns,thisN,thisTrialN,thisRepN,chosClick.x,chosClick.y,chosClick.leftButton,chosClick.midButton,chosClick.rightButton,chosClick.time,chosClick.corr,chosClick.clicked_name,trials.thisRepN,trials.thisTrialN,trials.thisN,trials.thisIndex,thisRow.t,notes,welcome.started,welcome.stopped,ignClick.x,ignClick.y,ignClick.leftButton,ignClick.midButton,ignClick.rightButton,ignClick.time,gameRule.started,ruleText.started,mouse_5.started,gameRule.stopped,mouse_5.x,mouse_5.y,mouse_5.leftButton,mouse_5.midButton,mouse_5.rightButton,mouse_5.time,trial.started,chosClick.started,trial.stopped,trials.chosClick.x,trials.chosClick.y,trials.chosClick.leftButton,trials.chosClick.midButton,trials.chosClick.rightButton,trials.chosClick.time,trials.chosClick.corr,trials.chosClick.clicked_name,end.started,endClick.started,end.stopped,endClick.x,endClick.y,endClick.leftButton,endClick.midButton,endClick.rightButton,endClick.time,participant,session,date,expName,psychopyVersion,frameRate,expStart,
,,,,,,,,,,,,,,,,,,,,,,0.009937499999068677,0.4276349000283517,[-0.005],[0.085],[1],[0],[0],[0.41741739999270067],,,,,,,,,,,,,,,,,,,,,,,,,,,,,,,329373,001,2024-09-04_20h19.09.565,my-trial,2024.2.1post4,60.96687365140572,2024-09-04 20h19.12.181901 +0800,
,,,,,,,,,,,,,,,,,,,,,,,,,,,,,,0.4277117000310682,0.44170170003781095,3.0499999411404133e-05,0.8980563000077382,[-0.005],[0.085],[1],[0],[0],[0.4700643999967724],,,,,,,,,,,,,,,,,,,,,329373,001,2024-09-04_20h19.09.565,my-trial,2024.2.1post4,60.96687365140572,2024-09-04 20h19.12.181901 +0800,
请选择绿色,black,red,green,rightCircle,0,0,0,[0.2816666666666667],[0.02],[1],[0],[0],[0.7364220999879763],[1],['rightCircle'],0,0,0,3,0.9248050000169314,,,,,,,,,,,,,,,,,,,,0.9078196000191383,0.9248050000169314,1.6445785000105388,[0.2816666666666667],[0.02],[1],[0],[0],[0.7364220999879763],[1],['rightCircle'],,,,,,,,,,329373,001,2024-09-04_20h19.09.565,my-trial,2024.2.1post4,60.96687365140572,2024-09-04 20h19.12.181901 +0800,
请选择红色,black,red,yellow,leftCircle,1,1,0,[-0.255],[0.011666666666666667],[1],[0],[0],[0.7965558000141755],[1],['leftCircle'],0,1,1,0,2.374930999998469,,,,,,,,,,,,,,,,,,,,2.3646278000087477,2.374930999998469,3.1615801000152715,[-0.255],[0.011666666666666667],[1],[0],[0],[0.7965558000141755],[1],['leftCircle'],,,,,,,,,,329373,001,2024-09-04_20h19.09.565,my-trial,2024.2.1post4,60.96687365140572,2024-09-04 20h19.12.181901 +0800,
请选择蓝色,black,red,blue,rightCircle,2,2,0,[0.33666666666666667],[-0.006666666666666667],[1],[0],[0],[0.5651450000004843],[1],['rightCircle'],0,2,2,2,3.8914965000003576,,,,,,,,,,,,,,,,,,,,3.8809644000139087,3.8914965000003576,4.446503699989989,[0.33666666666666667],[-0.006666666666666667],[1],[0],[0],[0.5651450000004843],[1],['rightCircle'],,,,,,,,,,329373,001,2024-09-04_20h19.09.565,my-trial,2024.2.1post4,60.96687365140572,2024-09-04 20h19.12.181901 +0800,
请选择黑色,black,black,yellow,leftCircle,3,3,0,[-0.385],[0.02666666666666667],[1],[0],[0],[0.463876000023447],[1],['leftCircle'],0,3,3,4,5.175036900036503,,,,,,,,,,,,,,,,,,,,5.165578200016171,5.175036900036503,5.629736600036267,[-0.385],[0.02666666666666667],[1],[0],[0],[0.463876000023447],[1],['leftCircle'],,,,,,,,,,329373,001,2024-09-04_20h19.09.565,my-trial,2024.2.1post4,60.96687365140572,2024-09-04 20h19.12.181901 +0800,
请选择黄色,black,yellow,red,leftCircle,4,4,0,[-0.25166666666666665],[0.011666666666666667],[1],[0],[0],[0.7810768999624997],[1],['leftCircle'],0,4,4,1,6.358700699987821,,,,,,,,,,,,,,,,,,,,6.348260800004937,6.358700699987821,7.12975770002231,[-0.25166666666666665],[0.011666666666666667],[1],[0],[0],[0.7810768999624997],[1],['leftCircle'],,,,,,,,,,329373,001,2024-09-04_20h19.09.565,my-trial,2024.2.1post4,60.96687365140572,2024-09-04 20h19.12.181901 +0800,
,,,,,,,,,,,,,,,,,,,,,,,,,,,,,,,,,,,,,,,,,,,,,,,,,,,8.860525700030848,1.0136935000191443,10.862213200016413,[],[],[],[],[],[],329373,001,2024-09-04_20h19.09.565,my-trial,2024.2.1post4,60.96687365140572,2024-09-04 20h19.12.181901 +0800,
