﻿text,textColor,leftColor,rightColor,corrAns,thisN,thisTrialN,thisRepN,chosClick.x,chosClick.y,chosClick.leftButton,chosClick.midButton,chosClick.rightButton,chosClick.time,chosClick.corr,chosClick.clicked_name,trials.thisRepN,trials.thisTrialN,trials.thisN,trials.thisIndex,thisRow.t,notes,welcome.started,welcome.stopped,ignClick.x,ignClick.y,ignClick.leftButton,ignClick.midButton,ignClick.rightButton,ignClick.time,gameRule.started,ruleText.started,mouse_5.started,gameRule.stopped,mouse_5.x,mouse_5.y,mouse_5.leftButton,mouse_5.midButton,mouse_5.rightButton,mouse_5.time,trial.started,chosClick.started,trial.stopped,trials.chosClick.x,trials.chosClick.y,trials.chosClick.leftButton,trials.chosClick.midButton,trials.chosClick.rightButton,trials.chosClick.time,trials.chosClick.corr,trials.chosClick.clicked_name,end.started,endClick.started,end.stopped,endClick.x,endClick.y,endClick.leftButton,endClick.midButton,endClick.rightButton,endClick.time,participant,session,date,expName,psychopyVersion,frameRate,expStart,
,,,,,,,,,,,,,,,,,,,,,,0.012766200001351535,0.48075970000354573,[0.06],[-0.18666666666666668],[1],[0],[0],[0.46762110001873225],,,,,,,,,,,,,,,,,,,,,,,,,,,,,,,333945,001,2024-09-04_19h59.22.611,my-trial,2024.2.1post4,59.794593621114714,2024-09-04 19h59.25.600813 +0800,
,,,,,,,,,,,,,,,,,,,,,,,,,,,,,,0.4808279999997467,0.49535759998252615,2.9100046958774328e-05,0.8806856999872252,[0.06],[-0.18666666666666668],[1],[0],[0],[0.3995670999865979],,,,,,,,,,,,,,,,,,,,,333945,001,2024-09-04_19h59.22.611,my-trial,2024.2.1post4,59.794593621114714,2024-09-04 19h59.25.600813 +0800,
请选择黄色,black,yellow,red,leftCircle,0,0,0,[-0.36666666666666664],[0.025],[1],[0],[0],[0.7415970000438392],[1],['leftCircle'],0,0,0,1,0.8950180999818258,,,,,,,,,,,,,,,,,,,,0.8894167999969795,0.8950180999818258,1.6313523999997415,[-0.36666666666666664],[0.025],[1],[0],[0],[0.7415970000438392],[1],['leftCircle'],,,,,,,,,,333945,001,2024-09-04_19h59.22.611,my-trial,2024.2.1post4,59.794593621114714,2024-09-04 19h59.25.600813 +0800,
请选择绿色,black,red,green,rightCircle,1,1,0,[0.37666666666666665],[0.01],[1],[0],[0],[0.6637330999947153],[1],['rightCircle'],0,1,1,3,1.6451075000222772,,,,,,,,,,,,,,,,,,,,1.634112700005062,1.6451075000222772,2.29814259998966,[0.37666666666666665],[0.01],[1],[0],[0],[0.6637330999947153],[1],['rightCircle'],,,,,,,,,,333945,001,2024-09-04_19h59.22.611,my-trial,2024.2.1post4,59.794593621114714,2024-09-04 19h59.25.600813 +0800,
请选择黑色,black,black,yellow,leftCircle,2,2,0,[-0.38166666666666665],[-0.01],[1],[0],[0],[0.5312542999745347],[1],['leftCircle'],0,2,2,4,2.312104700016789,,,,,,,,,,,,,,,,,,,,2.3011752999736927,2.312104700016789,2.8327998999739066,[-0.38166666666666665],[-0.01],[1],[0],[0],[0.5312542999745347],[1],['leftCircle'],,,,,,,,,,333945,001,2024-09-04_19h59.22.611,my-trial,2024.2.1post4,59.794593621114714,2024-09-04 19h59.25.600813 +0800,
请选择红色,black,red,yellow,leftCircle,3,3,0,[-0.395],[0.005],[1],[0],[0],[0.6116587999858893],[1],['leftCircle'],0,3,3,0,2.845344199973624,,,,,,,,,,,,,,,,,,,,2.836268100014422,2.845344199973624,3.448388500022702,[-0.395],[0.005],[1],[0],[0],[0.6116587999858893],[1],['leftCircle'],,,,,,,,,,333945,001,2024-09-04_19h59.22.611,my-trial,2024.2.1post4,59.794593621114714,2024-09-04 19h59.25.600813 +0800,
请选择蓝色,black,red,blue,rightCircle,4,4,0,[0.3616666666666667],[-0.005],[1],[0],[0],[0.5130122000118718],[1],['rightCircle'],0,4,4,2,3.4617461999878287,,,,,,,,,,,,,,,,,,,,3.451073699980043,3.4617461999878287,3.964396899973508,[0.3616666666666667],[-0.005],[1],[0],[0],[0.5130122000118718],[1],['rightCircle'],,,,,,,,,,333945,001,2024-09-04_19h59.22.611,my-trial,2024.2.1post4,59.794593621114714,2024-09-04 19h59.25.600813 +0800,
,,,,,,,,,,,,,,,,,,,,,,,,,,,,,,,,,,,,,,,,,,,,,,,,,,,3.9645163000095636,5.690002581104636e-05,4.416653499996755,[0.013333333333333334],[-0.10666666666666667],[1],[0],[0],[0.4518936999957077],333945,001,2024-09-04_19h59.22.611,my-trial,2024.2.1post4,59.794593621114714,2024-09-04 19h59.25.600813 +0800,
