﻿text,textColor,leftColor,rightColor,corrAns,thisN,thisTrialN,thisRepN,chosClick.x,chosClick.y,chosClick.leftButton,chosClick.midButton,chosClick.rightButton,chosClick.time,chosClick.corr,chosClick.clicked_name,trials.thisRepN,trials.thisTrialN,trials.thisN,trials.thisIndex,thisRow.t,notes,welcome.started,welcome.stopped,ignClick.x,ignClick.y,ignClick.leftButton,ignClick.midButton,ignClick.rightButton,ignClick.time,gameRule.started,ruleText.started,mouse_5.started,gameRule.stopped,mouse_5.x,mouse_5.y,mouse_5.leftButton,mouse_5.midButton,mouse_5.rightButton,mouse_5.time,trial.started,chosClick.started,trial.stopped,trials.chosClick.x,trials.chosClick.y,trials.chosClick.leftButton,trials.chosClick.midButton,trials.chosClick.rightButton,trials.chosClick.time,trials.chosClick.corr,trials.chosClick.clicked_name,end.started,endClick.started,endClick.stopped,end.stopped,endClick.x,endClick.y,endClick.leftButton,endClick.midButton,endClick.rightButton,endClick.time,participant,session,date,expName,psychopyVersion,frameRate,expStart,
,,,,,,,,,,,,,,,,,,,,,,0.0043944999924860895,0.4965815999894403,[-0.0016666666666666668],[0.0],[1],[0],[0],[0.49182310001924634],,,,,,,,,,,,,,,,,,,,,,,,,,,,,,,,364558,001,2024-09-04_19h39.45.569,my-trial,2024.2.1post4,60.77708363805685,2024-09-04 19h39.48.195885 +0800,
,,,,,,,,,,,,,,,,,,,,,,,,,,,,,,0.49665879999520257,0.5101959999883547,3.0800001695752144e-05,1.04621080000652,[0.03833333333333333],[-0.035],[1],[0],[0],[0.5492581999860704],,,,,,,,,,,,,,,,,,,,,,364558,001,2024-09-04_19h39.45.569,my-trial,2024.2.1post4,60.77708363805685,2024-09-04 19h39.48.195885 +0800,
请选择蓝色,black,red,blue,rightCircle,0,0,0,[0.39666666666666667],[-0.008333333333333333],[1],[0],[0],[0.9762153000338003],[1],['rightCircle'],0,0,0,2,1.0765800999943167,,,,,,,,,,,,,,,,,,,,1.0557466999744065,1.0765800999943167,2.0323057000059634,[0.39666666666666667],[-0.008333333333333333],[1],[0],[0],[0.9762153000338003],[1],['rightCircle'],,,,,,,,,,,364558,001,2024-09-04_19h39.45.569,my-trial,2024.2.1post4,60.77708363805685,2024-09-04 19h39.48.195885 +0800,
请选择红色,black,red,yellow,leftCircle,1,1,0,[-0.3233333333333333],[0.005],[1],[0],[0],[1.0954830999835394],[1],['leftCircle'],0,1,1,0,2.043242299987469,,,,,,,,,,,,,,,,,,,,2.035594899964053,2.043242299987469,3.1314583999919705,[-0.3233333333333333],[0.005],[1],[0],[0],[1.0954830999835394],[1],['leftCircle'],,,,,,,,,,,364558,001,2024-09-04_19h39.45.569,my-trial,2024.2.1post4,60.77708363805685,2024-09-04 19h39.48.195885 +0800,
请选择黄色,black,yellow,red,leftCircle,2,2,0,[-0.435],[0.011666666666666667],[1],[0],[0],[0.6774013999965973],[1],['leftCircle'],0,2,2,1,3.1440397999831475,,,,,,,,,,,,,,,,,,,,3.1346011999994516,3.1440397999831475,3.8124072999926284,[-0.435],[0.011666666666666667],[1],[0],[0],[0.6774013999965973],[1],['leftCircle'],,,,,,,,,,,364558,001,2024-09-04_19h39.45.569,my-trial,2024.2.1post4,60.77708363805685,2024-09-04 19h39.48.195885 +0800,
请选择黑色,black,black,yellow,leftCircle,3,3,0,[-0.4083333333333333],[-0.0016666666666666668],[1],[0],[0],[0.6657970999949612],[1],['leftCircle'],0,3,3,4,3.8265013999771327,,,,,,,,,,,,,,,,,,,,3.8154008999699727,3.8265013999771327,4.481519699969795,[-0.4083333333333333],[-0.0016666666666666668],[1],[0],[0],[0.6657970999949612],[1],['leftCircle'],,,,,,,,,,,364558,001,2024-09-04_19h39.45.569,my-trial,2024.2.1post4,60.77708363805685,2024-09-04 19h39.48.195885 +0800,
请选择绿色,black,red,green,rightCircle,4,4,0,[0.31333333333333335],[-0.03833333333333333],[1],[0],[0],[1.7635288999881595],[1],['rightCircle'],0,4,4,3,4.493328299955465,,,,,,,,,,,,,,,,,,,,4.48427289997926,4.493328299955465,6.248201999987941,[0.31333333333333335],[-0.03833333333333333],[1],[0],[0],[1.7635288999881595],[1],['rightCircle'],,,,,,,,,,,364558,001,2024-09-04_19h39.45.569,my-trial,2024.2.1post4,60.77708363805685,2024-09-04 19h39.48.195885 +0800,
,,,,,,,,,,,,,,,,,,,,,,,,,,,,,,,,,,,,,,,,,,,,,,,,,,,6.248317199992016,5.9699988923966885e-05,2.9987316000042483,9.247284699988086,[],[],[],[],[],[],364558,001,2024-09-04_19h39.45.569,my-trial,2024.2.1post4,60.77708363805685,2024-09-04 19h39.48.195885 +0800,
