﻿text,textColor,leftColor,rightColor,corrAns,thisN,thisTrialN,thisRepN,chosClick.x,chosClick.y,chosClick.leftButton,chosClick.midButton,chosClick.rightButton,chosClick.time,chosClick.corr,chosClick.clicked_name,trials.thisRepN,trials.thisTrialN,trials.thisN,trials.thisIndex,thisRow.t,notes,welcome.started,welcome.stopped,ignClick.x,ignClick.y,ignClick.leftButton,ignClick.midButton,ignClick.rightButton,ignClick.time,gameRule.started,ruleText.started,mouse_5.started,gameRule.stopped,mouse_5.x,mouse_5.y,mouse_5.leftButton,mouse_5.midButton,mouse_5.rightButton,mouse_5.time,trial.started,chosClick.started,trial.stopped,trials.chosClick.x,trials.chosClick.y,trials.chosClick.leftButton,trials.chosClick.midButton,trials.chosClick.rightButton,trials.chosClick.time,trials.chosClick.corr,trials.chosClick.clicked_name,end.started,endClick.started,end.stopped,endClick.x,endClick.y,endClick.leftButton,endClick.midButton,endClick.rightButton,endClick.time,participant,session,date,expName,psychopyVersion,frameRate,expStart,
,,,,,,,,,,,,,,,,,,,,,,0.01006020000204444,0.6934322000015527,[-0.20166666666666666],[-0.035],[1],[0],[0],[0.6830576999927871],,,,,,,,,,,,,,,,,,,,,,,,,,,,,,,583725,001,2024-09-04_19h10.18.409,my-trial,2024.2.1post4,60.83043273498569,2024-09-04 19h10.20.955891 +0800,
,,,,,,,,,,,,,,,,,,,,,,,,,,,,,,0.6935055999783799,0.7086436999961734,2.889998722821474e-05,1.24709099996835,[-0.20166666666666666],[-0.035],[1],[0],[0],[0.5532189000514336],,,,,,,,,,,,,,,,,,,,,583725,001,2024-09-04_19h10.18.409,my-trial,2024.2.1post4,60.83043273498569,2024-09-04 19h10.20.955891 +0800,
请选择蓝色,black,red,blue,rightCircle,0,0,0,[-0.31833333333333336],[-0.028333333333333332],[1],[0],[0],[1.3909833000507206],[0],['leftCircle'],0,0,0,2,1.275015999970492,,,,,,,,,,,,,,,,,,,,1.2560376999899745,1.275015999970492,2.6473405999713577,[-0.31833333333333336],[-0.028333333333333332],[1],[0],[0],[1.3909833000507206],[0],['leftCircle'],,,,,,,,,,583725,001,2024-09-04_19h10.18.409,my-trial,2024.2.1post4,60.83043273498569,2024-09-04 19h10.20.955891 +0800,
请选择绿色,black,red,green,rightCircle,1,1,0,[0.44666666666666666],[-0.041666666666666664],[1],[0],[0],[0.9302850000094622],[1],['rightCircle'],0,1,1,3,2.6594229000038467,,,,,,,,,,,,,,,,,,,,2.6501860999851488,2.6594229000038467,3.5808490999625064,[0.44666666666666666],[-0.041666666666666664],[1],[0],[0],[0.9302850000094622],[1],['rightCircle'],,,,,,,,,,583725,001,2024-09-04_19h10.18.409,my-trial,2024.2.1post4,60.83043273498569,2024-09-04 19h10.20.955891 +0800,
请选择黑色,black,black,yellow,leftCircle,2,2,0,[-0.3433333333333333],[-0.02666666666666667],[1],[0],[0],[0.8106528000207618],[1],['leftCircle'],0,2,2,4,3.592528900015168,,,,,,,,,,,,,,,,,,,,3.584008499979973,3.592528900015168,4.3950091999722645,[-0.3433333333333333],[-0.02666666666666667],[1],[0],[0],[0.8106528000207618],[1],['leftCircle'],,,,,,,,,,583725,001,2024-09-04_19h10.18.409,my-trial,2024.2.1post4,60.83043273498569,2024-09-04 19h10.20.955891 +0800,
请选择红色,black,red,yellow,leftCircle,3,3,0,[-0.325],[-0.02666666666666667],[1],[0],[0],[1.4809305999660864],[1],['leftCircle'],0,3,3,0,4.411732900014613,,,,,,,,,,,,,,,,,,,,4.398069499991834,4.411732900014613,5.879328300012276,[-0.325],[-0.02666666666666667],[1],[0],[0],[1.4809305999660864],[1],['leftCircle'],,,,,,,,,,583725,001,2024-09-04_19h10.18.409,my-trial,2024.2.1post4,60.83043273498569,2024-09-04 19h10.20.955891 +0800,
请选择黄色,black,yellow,red,leftCircle,4,4,0,[0.31333333333333335],[-0.06666666666666667],[1],[0],[0],[1.0627667999942787],[0],['rightCircle'],0,4,4,1,5.894583099987358,,,,,,,,,,,,,,,,,,,,5.882042000012007,5.894583099987358,6.945117899973411,[0.31333333333333335],[-0.06666666666666667],[1],[0],[0],[1.0627667999942787],[0],['rightCircle'],,,,,,,,,,583725,001,2024-09-04_19h10.18.409,my-trial,2024.2.1post4,60.83043273498569,2024-09-04 19h10.20.955891 +0800,
,,,,,,,,,,,,,,,,,,,,,,,,,,,,,,,,,,,,,,,,,,,,,,,,,,,6.945261299959384,5.9500045608729124e-05,9.380830999987666,[0.225],[-0.105],[1],[0],[0],[2.4352581999846734],583725,001,2024-09-04_19h10.18.409,my-trial,2024.2.1post4,60.83043273498569,2024-09-04 19h10.20.955891 +0800,
