﻿text,textColor,leftColor,rightColor,corrAns,thisN,thisTrialN,thisRepN,chosClick.x,chosClick.y,chosClick.leftButton,chosClick.midButton,chosClick.rightButton,chosClick.time,chosClick.corr,chosClick.clicked_name,trials.thisRepN,trials.thisTrialN,trials.thisN,trials.thisIndex,thisRow.t,notes,welcome.started,welcome.stopped,ignClick.x,ignClick.y,ignClick.leftButton,ignClick.midButton,ignClick.rightButton,ignClick.time,gameRule.started,ruleText.started,mouse_5.started,gameRule.stopped,mouse_5.x,mouse_5.y,mouse_5.leftButton,mouse_5.midButton,mouse_5.rightButton,mouse_5.time,trial.started,chosClick.started,trial.stopped,trials.chosClick.x,trials.chosClick.y,trials.chosClick.leftButton,trials.chosClick.midButton,trials.chosClick.rightButton,trials.chosClick.time,trials.chosClick.corr,trials.chosClick.clicked_name,end.started,endClick.started,end.stopped,endClick.x,endClick.y,endClick.leftButton,endClick.midButton,endClick.rightButton,endClick.time,participant,session,date,expName,psychopyVersion,frameRate,expStart,
,,,,,,,,,,,,,,,,,,,,,,0.011965700017753989,0.4799506000126712,[-0.13666666666666666],[0.0016666666666666668],[1],[0],[0],[0.4676624000421725],,,,,,,,,,,,,,,,,,,,,,,,,,,,,,,595093,001,2024-09-04_19h40.15.421,my-trial,2024.2.1post4,59.83588215356709,2024-09-04 19h40.17.752811 +0800,
,,,,,,,,,,,,,,,,,,,,,,,,,,,,,,0.48002650000853464,0.4944281000061892,4.010001430287957e-05,0.9183655000524595,[-0.24],[-0.013333333333333334],[1],[0],[0],[0.4379825000069104],,,,,,,,,,,,,,,,,,,,,595093,001,2024-09-04_19h40.15.421,my-trial,2024.2.1post4,59.83588215356709,2024-09-04 19h40.17.752811 +0800,
请选择黑色,black,black,yellow,leftCircle,0,0,0,[-0.4033333333333333],[0.021666666666666667],[1],[0],[0],[0.7186066000140272],[1],['leftCircle'],0,0,0,4,0.9432666000211611,,,,,,,,,,,,,,,,,,,,0.9295426000026055,0.9432666000211611,1.6485485000303015,[-0.4033333333333333],[0.021666666666666667],[1],[0],[0],[0.7186066000140272],[1],['leftCircle'],,,,,,,,,,595093,001,2024-09-04_19h40.15.421,my-trial,2024.2.1post4,59.83588215356709,2024-09-04 19h40.17.752811 +0800,
请选择蓝色,black,red,blue,rightCircle,1,1,0,[0.4116666666666667],[-0.058333333333333334],[1],[0],[0],[1.661202699993737],[1],['rightCircle'],0,1,1,2,1.6606944000232033,,,,,,,,,,,,,,,,,,,,1.6517558000050485,1.6606944000232033,3.3133519000257365,[0.4116666666666667],[-0.058333333333333334],[1],[0],[0],[1.661202699993737],[1],['rightCircle'],,,,,,,,,,595093,001,2024-09-04_19h40.15.421,my-trial,2024.2.1post4,59.83588215356709,2024-09-04 19h40.17.752811 +0800,
请选择红色,black,red,yellow,leftCircle,2,2,0,[-0.31],[0.013333333333333334],[1],[0],[0],[1.3818846999784],[1],['leftCircle'],0,2,2,0,3.329609200009145,,,,,,,,,,,,,,,,,,,,3.316458700050134,3.329609200009145,4.698687600030098,[-0.31],[0.013333333333333334],[1],[0],[0],[1.3818846999784],[1],['leftCircle'],,,,,,,,,,595093,001,2024-09-04_19h40.15.421,my-trial,2024.2.1post4,59.83588215356709,2024-09-04 19h40.17.752811 +0800,
请选择绿色,black,red,green,rightCircle,3,3,0,[0.38666666666666666],[-0.055],[1],[0],[0],[0.7619473999948241],[1],['rightCircle'],0,3,3,3,4.713031200051773,,,,,,,,,,,,,,,,,,,,4.701638700033072,4.713031200051773,5.463957100000698,[0.38666666666666666],[-0.055],[1],[0],[0],[0.7619473999948241],[1],['rightCircle'],,,,,,,,,,595093,001,2024-09-04_19h40.15.421,my-trial,2024.2.1post4,59.83588215356709,2024-09-04 19h40.17.752811 +0800,
请选择黄色,black,yellow,red,leftCircle,4,4,0,[-0.3383333333333333],[-0.018333333333333333],[1],[0],[0],[0.7627541000256315],[1],['leftCircle'],0,4,4,1,5.477604000014253,,,,,,,,,,,,,,,,,,,,5.467008600011468,5.477604000014253,6.230136100028176,[-0.3383333333333333],[-0.018333333333333333],[1],[0],[0],[0.7627541000256315],[1],['leftCircle'],,,,,,,,,,595093,001,2024-09-04_19h40.15.421,my-trial,2024.2.1post4,59.83588215356709,2024-09-04 19h40.17.752811 +0800,
,,,,,,,,,,,,,,,,,,,,,,,,,,,,,,,,,,,,,,,,,,,,,,,,,,,6.230253900052048,5.990004865452647e-05,6.83071910002036,[0.20166666666666666],[-0.105],[1],[0],[0],[0.6001417000079527],595093,001,2024-09-04_19h40.15.421,my-trial,2024.2.1post4,59.83588215356709,2024-09-04 19h40.17.752811 +0800,
