﻿text,textColor,leftColor,rightColor,corrAns,thisN,thisTrialN,thisRepN,chosClick.x,chosClick.y,chosClick.leftButton,chosClick.midButton,chosClick.rightButton,chosClick.time,chosClick.corr,chosClick.clicked_name,trials.thisRepN,trials.thisTrialN,trials.thisN,trials.thisIndex,thisRow.t,notes,welcome.started,welcome.stopped,ignClick.x,ignClick.y,ignClick.leftButton,ignClick.midButton,ignClick.rightButton,ignClick.time,gameRule.started,ruleText.started,mouse_5.started,gameRule.stopped,mouse_5.x,mouse_5.y,mouse_5.leftButton,mouse_5.midButton,mouse_5.rightButton,mouse_5.time,trial.started,chosClick.started,trial.stopped,trials.chosClick.x,trials.chosClick.y,trials.chosClick.leftButton,trials.chosClick.midButton,trials.chosClick.rightButton,trials.chosClick.time,trials.chosClick.corr,trials.chosClick.clicked_name,end.started,endClick.started,end.stopped,endClick.x,endClick.y,endClick.leftButton,endClick.midButton,endClick.rightButton,endClick.time,participant,session,date,expName,psychopyVersion,frameRate,expStart,
,,,,,,,,,,,,,,,,,,,,,,0.012275499990209937,1.7617337999981828,[0.035],[0.051666666666666666],[1],[0],[0],[1.7491058000014164],,,,,,,,,,,,,,,,,,,,,,,,,,,,,,,700179,001,2024-09-04_20h11.26.173,my-trial,2024.2.1post4,60.11190431942626,2024-09-04 20h11.29.517373 +0800,
,,,,,,,,,,,,,,,,,,,,,,,,,,,,,,1.7618066999712028,1.7761553999735042,2.9099988751113415e-05,2.245145599998068,[0.035],[0.051666666666666666],[1],[0],[0],[0.4830583999864757],,,,,,,,,,,,,,,,,,,,,700179,001,2024-09-04_20h11.26.173,my-trial,2024.2.1post4,60.11190431942626,2024-09-04 20h11.29.517373 +0800,
请选择红色,black,red,yellow,leftCircle,0,0,0,[-0.32],[0.043333333333333335],[1],[0],[0],[0.7409309999784455],[1],['leftCircle'],0,0,0,0,2.259489899966866,,,,,,,,,,,,,,,,,,,,2.254453699977603,2.259489899966866,2.995716999983415,[-0.32],[0.043333333333333335],[1],[0],[0],[0.7409309999784455],[1],['leftCircle'],,,,,,,,,,700179,001,2024-09-04_20h11.26.173,my-trial,2024.2.1post4,60.11190431942626,2024-09-04 20h11.29.517373 +0800,
请选择绿色,black,red,green,rightCircle,1,1,0,[0.31166666666666665],[0.03333333333333333],[1],[0],[0],[0.8132068999693729],[1],['rightCircle'],0,1,1,3,4.025621199980378,,,,,,,,,,,,,,,,,,,,4.0148300000000745,4.025621199980378,4.828370800008997,[0.31166666666666665],[0.03333333333333333],[1],[0],[0],[0.8132068999693729],[1],['rightCircle'],,,,,,,,,,700179,001,2024-09-04_20h11.26.173,my-trial,2024.2.1post4,60.11190431942626,2024-09-04 20h11.29.517373 +0800,
请选择黑色,black,black,yellow,leftCircle,2,2,0,[-0.29333333333333333],[-0.0033333333333333335],[1],[0],[0],[0.5813930000294931],[1],['leftCircle'],0,2,2,4,5.858821599977091,,,,,,,,,,,,,,,,,,,,5.8472466000239365,5.858821599977091,6.429026999976486,[-0.29333333333333333],[-0.0033333333333333335],[1],[0],[0],[0.5813930000294931],[1],['leftCircle'],,,,,,,,,,700179,001,2024-09-04_20h11.26.173,my-trial,2024.2.1post4,60.11190431942626,2024-09-04 20h11.29.517373 +0800,
请选择黄色,black,yellow,red,leftCircle,3,3,0,[-0.2783333333333333],[0.0033333333333333335],[1],[0],[0],[0.6458965999772772],[1],['leftCircle'],0,3,3,1,7.458926999999676,,,,,,,,,,,,,,,,,,,,7.4490959999966435,7.458926999999676,8.095356600009836,[-0.2783333333333333],[0.0033333333333333335],[1],[0],[0],[0.6458965999772772],[1],['leftCircle'],,,,,,,,,,700179,001,2024-09-04_20h11.26.173,my-trial,2024.2.1post4,60.11190431942626,2024-09-04 20h11.29.517373 +0800,
请选择蓝色,black,red,blue,rightCircle,4,4,0,[0.31666666666666665],[0.008333333333333333],[1],[0],[0],[0.5631395999807864],[1],['rightCircle'],0,4,4,2,9.12548709998373,,,,,,,,,,,,,,,,,,,,9.115372099971864,9.12548709998373,9.678879900020547,[0.31666666666666665],[0.008333333333333333],[1],[0],[0],[0.5631395999807864],[1],['rightCircle'],,,,,,,,,,700179,001,2024-09-04_20h11.26.173,my-trial,2024.2.1post4,60.11190431942626,2024-09-04 20h11.29.517373 +0800,
,,,,,,,,,,,,,,,,,,,,,,,,,,,,,,,,,,,,,,,,,,,,,,,,,,,10.695094000024255,9.26000066101551e-05,11.661354499985464,[0.02],[-0.09833333333333333],[1],[0],[0],[0.9658965999842621],700179,001,2024-09-04_20h11.26.173,my-trial,2024.2.1post4,60.11190431942626,2024-09-04 20h11.29.517373 +0800,
