﻿text,textColor,leftColor,rightColor,corrAns,thisN,thisTrialN,thisRepN,chosClick.x,chosClick.y,chosClick.leftButton,chosClick.midButton,chosClick.rightButton,chosClick.time,chosClick.corr,chosClick.clicked_name,trials.thisRepN,trials.thisTrialN,trials.thisN,trials.thisIndex,thisRow.t,notes,welcome.started,welcome.stopped,ignClick.x,ignClick.y,ignClick.leftButton,ignClick.midButton,ignClick.rightButton,ignClick.time,gameRule.started,ruleText.started,mouse_5.started,gameRule.stopped,mouse_5.x,mouse_5.y,mouse_5.leftButton,mouse_5.midButton,mouse_5.rightButton,mouse_5.time,trial.started,chosClick.started,trial.stopped,trials.chosClick.x,trials.chosClick.y,trials.chosClick.leftButton,trials.chosClick.midButton,trials.chosClick.rightButton,trials.chosClick.time,trials.chosClick.corr,trials.chosClick.clicked_name,end.started,endClick.started,end.stopped,endClick.x,endClick.y,endClick.leftButton,endClick.midButton,endClick.rightButton,endClick.time,participant,session,date,expName,psychopyVersion,frameRate,expStart,
,,,,,,,,,,,,,,,,,,,,,,0.004465799982426688,3.0084108999872115,[],[],[],[],[],[],,,,,,,,,,,,,,,,,,,,,,,,,,,,,,,720833,001,2024-09-03_22h53.48.070,my-trial,2024.2.1post4,None,2024-09-03 22h54.46.939033 +0800,
,,,,,,,,,,,,,,,,,,,,,,,,,,,,,,3.0084522999823093,3.0281264999939594,0.008244299999205396,4.909802499983925,[-0.25666666666666665],[0.08666666666666667],[1],[0],[0],[1.9007290000154171],,,,,,,,,,,,,,,,,,,,,720833,001,2024-09-03_22h53.48.070,my-trial,2024.2.1post4,None,2024-09-03 22h54.46.939033 +0800,
请选择红色,yellow,black,yellow,rightCircle,0,0,0,"[0.16666666666666666, -0.3233333333333333]","[0.021666666666666667, 0.006666666666666667]","[1, 1]","[0, 0]","[0, 0]","[3.1127424000005703, 3.873439699993469]",[1],"[None, 'leftCircle', 'rightCircle']",0,0,0,0,4.9454326999839395,,,,,,,,,,,,,,,,,,,,4.919442999991588,4.9454326999839395,8.793239199992968,"[0.16666666666666666, -0.3233333333333333]","[0.021666666666666667, 0.006666666666666667]","[1, 1]","[0, 0]","[0, 0]","[3.1127424000005703, 3.873439699993469]",[1],"[None, 'leftCircle', 'rightCircle']",,,,,,,,,,720833,001,2024-09-03_22h53.48.070,my-trial,2024.2.1post4,None,2024-09-03 22h54.46.939033 +0800,
请选择黄色,yellow,yellow,red,leftCircle,1,1,0,[-0.3233333333333333],[0.006666666666666667],[1],[0],[0],[1.612084299995331],[1],"['leftCircle', 'rightCircle']",0,1,1,1,8.828657400008524,,,,,,,,,,,,,,,,,,,,8.80254010000499,8.828657400008524,10.415013299993007,[-0.3233333333333333],[0.006666666666666667],[1],[0],[0],[1.612084299995331],[1],"['leftCircle', 'rightCircle']",,,,,,,,,,720833,001,2024-09-03_22h53.48.070,my-trial,2024.2.1post4,None,2024-09-03 22h54.46.939033 +0800,
请选择黑色,black,black,yellow,rightCircle,2,2,0,[-0.3233333333333333],[0.006666666666666667],[1],[0],[0],[2.7609766999958083],[1],"['leftCircle', 'rightCircle']",0,2,2,4,10.430522699985886,,,,,,,,,,,,,,,,,,,,10.420324799983064,10.430522699985886,13.181878100003814,[-0.3233333333333333],[0.006666666666666667],[1],[0],[0],[2.7609766999958083],[1],"['leftCircle', 'rightCircle']",,,,,,,,,,720833,001,2024-09-03_22h53.48.070,my-trial,2024.2.1post4,None,2024-09-03 22h54.46.939033 +0800,
请选择蓝色,red,red,yellow,leftCircle,3,3,0,[-0.3233333333333333],[0.006666666666666667],[1],[0],[0],[2.279311799997231],[1],"['leftCircle', 'rightCircle']",0,3,3,2,13.190318499982823,,,,,,,,,,,,,,,,,,,,13.185286799998721,13.190318499982823,15.465036299981875,[-0.3233333333333333],[0.006666666666666667],[1],[0],[0],[2.279311799997231],[1],"['leftCircle', 'rightCircle']",,,,,,,,,,720833,001,2024-09-03_22h53.48.070,my-trial,2024.2.1post4,None,2024-09-03 22h54.46.939033 +0800,
请选择绿色,blue,red,blue,rightCircle,4,4,0,[-0.3233333333333333],[0.006666666666666667],[1],[0],[0],[0.9724643000226934],[1],"['leftCircle', 'rightCircle']",0,4,4,3,15.494696799985832,,,,,,,,,,,,,,,,,,,,15.46901460000663,15.494696799985832,16.441873600007966,[-0.3233333333333333],[0.006666666666666667],[1],[0],[0],[0.9724643000226934],[1],"['leftCircle', 'rightCircle']",,,,,,,,,,720833,001,2024-09-03_22h53.48.070,my-trial,2024.2.1post4,None,2024-09-03 22h54.46.939033 +0800,
,,,,,,,,,,,,,,,,,,,,,,,,,,,,,,,,,,,,,,,,,,,,,,,,,,,16.441990099992836,5.879998207092285e-05,19.462769400008256,[],[],[],[],[],[],720833,001,2024-09-03_22h53.48.070,my-trial,2024.2.1post4,None,2024-09-03 22h54.46.939033 +0800,
