﻿text,textColor,leftColor,rightColor,corrAns,thisN,thisTrialN,thisRepN,chosClick.x,chosClick.y,chosClick.leftButton,chosClick.midButton,chosClick.rightButton,chosClick.time,chosClick.corr,chosClick.clicked_name,trials.thisRepN,trials.thisTrialN,trials.thisN,trials.thisIndex,thisRow.t,notes,welcome.started,welcome.stopped,ignClick.x,ignClick.y,ignClick.leftButton,ignClick.midButton,ignClick.rightButton,ignClick.time,gameRule.started,ruleText.started,mouse_5.started,gameRule.stopped,mouse_5.x,mouse_5.y,mouse_5.leftButton,mouse_5.midButton,mouse_5.rightButton,mouse_5.time,trial.started,chosClick.started,trial.stopped,trials.chosClick.x,trials.chosClick.y,trials.chosClick.leftButton,trials.chosClick.midButton,trials.chosClick.rightButton,trials.chosClick.time,trials.chosClick.corr,trials.chosClick.clicked_name,end.started,endClick.started,end.stopped,endClick.x,endClick.y,endClick.leftButton,endClick.midButton,endClick.rightButton,endClick.time,participant,session,date,expName,psychopyVersion,frameRate,expStart,
,,,,,,,,,,,,,,,,,,,,,,0.0050125999841839075,0.5007539999787696,[-0.06],[0.3466666666666667],[1],[0],[0],[0.4954400999704376],,,,,,,,,,,,,,,,,,,,,,,,,,,,,,,854302,001,2024-09-04_19h12.37.744,my-trial,2024.2.1post4,60.02570299909014,2024-09-04 19h12.40.093211 +0800,
,,,,,,,,,,,,,,,,,,,,,,,,,,,,,,0.5008362999651581,0.5166887999512255,0.00011979998089373112,0.8024926999933086,[-0.06],[0.3466666666666667],[1],[0],[0],[0.30129189998842776],,,,,,,,,,,,,,,,,,,,,854302,001,2024-09-04_19h12.37.744,my-trial,2024.2.1post4,60.02570299909014,2024-09-04 19h12.40.093211 +0800,
请选择黑色,black,black,yellow,leftCircle,0,0,0,[-0.3333333333333333],[0.056666666666666664],[1],[0],[0],[0.624903199961409],[1],['leftCircle'],0,0,0,4,0.8356411999557167,,,,,,,,,,,,,,,,,,,,0.8118018999812193,0.8356411999557167,1.4370945999980904,[-0.3333333333333333],[0.056666666666666664],[1],[0],[0],[0.624903199961409],[1],['leftCircle'],,,,,,,,,,854302,001,2024-09-04_19h12.37.744,my-trial,2024.2.1post4,60.02570299909014,2024-09-04 19h12.40.093211 +0800,
请选择绿色,black,red,green,rightCircle,1,1,0,[0.335],[0.005],[1],[0],[0],[1.294785599980969],[1],['rightCircle'],0,1,1,3,1.449639099999331,,,,,,,,,,,,,,,,,,,,1.4402977999998257,1.449639099999331,2.7354253999656066,[0.335],[0.005],[1],[0],[0],[1.294785599980969],[1],['rightCircle'],,,,,,,,,,854302,001,2024-09-04_19h12.37.744,my-trial,2024.2.1post4,60.02570299909014,2024-09-04 19h12.40.093211 +0800,
请选择红色,black,red,yellow,leftCircle,2,2,0,[-0.3416666666666667],[-0.008333333333333333],[1],[0],[0],[2.748962100013159],[1],['leftCircle'],0,2,2,0,2.749569799983874,,,,,,,,,,,,,,,,,,,,2.738305999955628,2.749569799983874,5.4876771999988705,[-0.3416666666666667],[-0.008333333333333333],[1],[0],[0],[2.748962100013159],[1],['leftCircle'],,,,,,,,,,854302,001,2024-09-04_19h12.37.744,my-trial,2024.2.1post4,60.02570299909014,2024-09-04 19h12.40.093211 +0800,
请选择黄色,black,yellow,red,leftCircle,3,3,0,[-0.3416666666666667],[-0.008333333333333333],[1],[0],[0],[0.680053099989891],[1],['leftCircle'],0,3,3,1,5.499918599962257,,,,,,,,,,,,,,,,,,,,5.490733499987982,5.499918599962257,6.1712088999920525,[-0.3416666666666667],[-0.008333333333333333],[1],[0],[0],[0.680053099989891],[1],['leftCircle'],,,,,,,,,,854302,001,2024-09-04_19h12.37.744,my-trial,2024.2.1post4,60.02570299909014,2024-09-04 19h12.40.093211 +0800,
请选择蓝色,black,red,blue,rightCircle,4,4,0,[-0.3416666666666667],[-0.008333333333333333],[1],[0],[0],[0.663416099967435],[0],['leftCircle'],0,4,4,2,6.184677899989765,,,,,,,,,,,,,,,,,,,,6.174226499977522,6.184677899989765,6.837952999980189,[-0.3416666666666667],[-0.008333333333333333],[1],[0],[0],[0.663416099967435],[0],['leftCircle'],,,,,,,,,,854302,001,2024-09-04_19h12.37.744,my-trial,2024.2.1post4,60.02570299909014,2024-09-04 19h12.40.093211 +0800,
,,,,,,,,,,,,,,,,,,,,,,,,,,,,,,,,,,,,,,,,,,,,,,,,,,,6.838084999995772,5.760003114119172e-05,7.302155799989123,[-0.37],[-0.018333333333333333],[1],[0],[0],[0.4638101999880746],854302,001,2024-09-04_19h12.37.744,my-trial,2024.2.1post4,60.02570299909014,2024-09-04 19h12.40.093211 +0800,
