﻿text,textColor,leftColor,rightColor,corrAns,thisN,thisTrialN,thisRepN,chosClick.x,chosClick.y,chosClick.leftButton,chosClick.midButton,chosClick.rightButton,chosClick.time,chosClick.corr,chosClick.clicked_name,trials.thisRepN,trials.thisTrialN,trials.thisN,trials.thisIndex,thisRow.t,notes,welcome.started,welcome.stopped,ignClick.x,ignClick.y,ignClick.leftButton,ignClick.midButton,ignClick.rightButton,ignClick.time,gameRule.started,ruleText.started,mouse_5.started,gameRule.stopped,mouse_5.x,mouse_5.y,mouse_5.leftButton,mouse_5.midButton,mouse_5.rightButton,mouse_5.time,trial.started,chosClick.started,trial.stopped,trials.chosClick.x,trials.chosClick.y,trials.chosClick.leftButton,trials.chosClick.midButton,trials.chosClick.rightButton,trials.chosClick.time,trials.chosClick.corr,trials.chosClick.clicked_name,end.started,endClick.started,end.stopped,endClick.x,endClick.y,endClick.leftButton,endClick.midButton,endClick.rightButton,endClick.time,participant,session,date,expName,psychopyVersion,frameRate,expStart,
,,,,,,,,,,,,,,,,,,,,,,0.02275589999044314,0.5404315000050701,[-0.11666666666666667],[0.06333333333333334],[1],[0],[0],[0.5171709000132978],,,,,,,,,,,,,,,,,,,,,,,,,,,,,,,898597,001,2024-09-04_20h12.55.965,my-trial,2024.2.1post4,60.357133164092886,2024-09-04 20h12.58.632971 +0800,
,,,,,,,,,,,,,,,,,,,,,,,,,,,,,,0.5405019000172615,0.5541332999709994,3.120000474154949e-05,0.8728509999928065,[-0.11666666666666667],[0.06333333333333334],[1],[0],[0],[0.3320195999694988],,,,,,,,,,,,,,,,,,,,,898597,001,2024-09-04_20h12.55.965,my-trial,2024.2.1post4,60.357133164092886,2024-09-04 20h12.58.632971 +0800,
请选择黄色,black,yellow,red,leftCircle,0,0,0,[-0.4683333333333333],[0.08],[1],[0],[0],[0.4912899999762885],[1],['leftCircle'],0,0,0,1,0.8877416999894194,,,,,,,,,,,,,,,,,,,,0.8825711999670602,0.8877416999894194,1.3742494999896735,[-0.4683333333333333],[0.08],[1],[0],[0],[0.4912899999762885],[1],['leftCircle'],,,,,,,,,,898597,001,2024-09-04_20h12.55.965,my-trial,2024.2.1post4,60.357133164092886,2024-09-04 20h12.58.632971 +0800,
请选择红色,black,red,yellow,leftCircle,1,1,0,[-0.3933333333333333],[0.021666666666666667],[1],[0],[0],[0.6285641999565996],[1],['leftCircle'],0,1,1,0,2.3988590000080876,,,,,,,,,,,,,,,,,,,,2.395330399973318,2.3988590000080876,3.0242987999808975,[-0.3933333333333333],[0.021666666666666667],[1],[0],[0],[0.6285641999565996],[1],['leftCircle'],,,,,,,,,,898597,001,2024-09-04_20h12.55.965,my-trial,2024.2.1post4,60.357133164092886,2024-09-04 20h12.58.632971 +0800,
请选择黑色,black,black,yellow,leftCircle,2,2,0,[-0.42833333333333334],[0.01],[1],[0],[0],[0.646480800001882],[1],['leftCircle'],0,2,2,4,4.054111699981149,,,,,,,,,,,,,,,,,,,,4.043561099970248,4.054111699981149,4.690322000009473,[-0.42833333333333334],[0.01],[1],[0],[0],[0.646480800001882],[1],['leftCircle'],,,,,,,,,,898597,001,2024-09-04_20h12.55.965,my-trial,2024.2.1post4,60.357133164092886,2024-09-04 20h12.58.632971 +0800,
请选择绿色,black,red,green,rightCircle,3,3,0,[0.41333333333333333],[0.0016666666666666668],[1],[0],[0],[0.5466523999930359],[1],['rightCircle'],0,3,3,3,5.720417500007898,,,,,,,,,,,,,,,,,,,,5.710028200002853,5.720417500007898,6.2570563000044785,[0.41333333333333333],[0.0016666666666666668],[1],[0],[0],[0.5466523999930359],[1],['rightCircle'],,,,,,,,,,898597,001,2024-09-04_20h12.55.965,my-trial,2024.2.1post4,60.357133164092886,2024-09-04 20h12.58.632971 +0800,
请选择蓝色,black,red,blue,rightCircle,4,4,0,[0.42333333333333334],[-0.011666666666666667],[1],[0],[0],[0.5615884999861009],[1],['rightCircle'],0,4,4,2,7.286933599971235,,,,,,,,,,,,,,,,,,,,7.27824169996893,7.286933599971235,7.840181300009135,[0.42333333333333334],[-0.011666666666666667],[1],[0],[0],[0.5615884999861009],[1],['rightCircle'],,,,,,,,,,898597,001,2024-09-04_20h12.55.965,my-trial,2024.2.1post4,60.357133164092886,2024-09-04 20h12.58.632971 +0800,
,,,,,,,,,,,,,,,,,,,,,,,,,,,,,,,,,,,,,,,,,,,,,,,,,,,8.8563139999751,8.760002674534917e-05,11.20849469996756,[0.33],[-0.021666666666666667],[1],[0],[0],[2.351870200014673],898597,001,2024-09-04_20h12.55.965,my-trial,2024.2.1post4,60.357133164092886,2024-09-04 20h12.58.632971 +0800,
