﻿text,textColor,leftColor,rightColor,corrAns,thisN,thisTrialN,thisRepN,chosClick.x,chosClick.y,chosClick.leftButton,chosClick.midButton,chosClick.rightButton,chosClick.time,chosClick.corr,chosClick.clicked_name,trials.thisRepN,trials.thisTrialN,trials.thisN,trials.thisIndex,thisRow.t,notes,welcome.started,welcome.stopped,ignClick.x,ignClick.y,ignClick.leftButton,ignClick.midButton,ignClick.rightButton,ignClick.time,gameRule.started,ruleText.started,mouse_5.started,gameRule.stopped,mouse_5.x,mouse_5.y,mouse_5.leftButton,mouse_5.midButton,mouse_5.rightButton,mouse_5.time,trial.started,chosClick.started,trial.stopped,trials.chosClick.x,trials.chosClick.y,trials.chosClick.leftButton,trials.chosClick.midButton,trials.chosClick.rightButton,trials.chosClick.time,trials.chosClick.corr,trials.chosClick.clicked_name,end.started,endClick.started,end.stopped,endClick.x,endClick.y,endClick.leftButton,endClick.midButton,endClick.rightButton,endClick.time,participant,session,date,expName,psychopyVersion,frameRate,expStart,
,,,,,,,,,,,,,,,,,,,,,,0.009246400033589453,0.4439502999885008,[-0.22833333333333333],[0.265],[1],[0],[0],[0.43440389999886975],,,,,,,,,,,,,,,,,,,,,,,,,,,,,,,921308,001,2024-09-04_19h39.00.432,my-trial,2024.2.1post4,60.429314023363645,2024-09-04 19h39.03.535840 +0800,
,,,,,,,,,,,,,,,,,,,,,,,,,,,,,,0.4440226000151597,0.4579174999962561,0.00010080001084133983,0.8678624000167474,[-0.12333333333333334],[0.13166666666666665],[1],[0],[0],[0.4233778999769129],,,,,,,,,,,,,,,,,,,,,921308,001,2024-09-04_19h39.00.432,my-trial,2024.2.1post4,60.429314023363645,2024-09-04 19h39.03.535840 +0800,
请选择蓝色,black,red,blue,rightCircle,0,0,0,[-0.4033333333333333],[-0.005],[1],[0],[0],[0.5146413000184111],[0],['leftCircle'],0,0,0,2,0.8914689000230283,,,,,,,,,,,,,,,,,,,,0.8783989000367001,0.8914689000230283,1.3934021000168286,[-0.4033333333333333],[-0.005],[1],[0],[0],[0.5146413000184111],[0],['leftCircle'],,,,,,,,,,921308,001,2024-09-04_19h39.00.432,my-trial,2024.2.1post4,60.429314023363645,2024-09-04 19h39.03.535840 +0800,
请选择黄色,black,yellow,red,leftCircle,1,1,0,[0.3466666666666667],[-0.04],[1],[0],[0],[1.1651118999579921],[0],['rightCircle'],0,1,1,1,1.408808400039561,,,,,,,,,,,,,,,,,,,,1.396235499996692,1.408808400039561,2.5616573999868706,[0.3466666666666667],[-0.04],[1],[0],[0],[1.1651118999579921],[0],['rightCircle'],,,,,,,,,,921308,001,2024-09-04_19h39.00.432,my-trial,2024.2.1post4,60.429314023363645,2024-09-04 19h39.03.535840 +0800,
请选择黑色,black,black,yellow,leftCircle,2,2,0,[-0.365],[-0.04666666666666667],[1],[0],[0],[0.6959282000316307],[1],['leftCircle'],0,2,2,4,2.5745509000262246,,,,,,,,,,,,,,,,,,,,2.564300300029572,2.5745509000262246,3.2605885000084527,[-0.365],[-0.04666666666666667],[1],[0],[0],[0.6959282000316307],[1],['leftCircle'],,,,,,,,,,921308,001,2024-09-04_19h39.00.432,my-trial,2024.2.1post4,60.429314023363645,2024-09-04 19h39.03.535840 +0800,
请选择绿色,black,red,green,rightCircle,3,3,0,[0.3016666666666667],[-0.03166666666666667],[1],[0],[0],[0.9972782999975607],[1],['rightCircle'],0,3,3,3,3.274810500035528,,,,,,,,,,,,,,,,,,,,3.263334700022824,3.274810500035528,4.261007099994458,[0.3016666666666667],[-0.03166666666666667],[1],[0],[0],[0.9972782999975607],[1],['rightCircle'],,,,,,,,,,921308,001,2024-09-04_19h39.00.432,my-trial,2024.2.1post4,60.429314023363645,2024-09-04 19h39.03.535840 +0800,
请选择红色,black,red,yellow,leftCircle,4,4,0,[0.30333333333333334],[-0.006666666666666667],[1],[0],[0],[0.6969634999986738],[0],['rightCircle'],0,4,4,0,4.274965299991891,,,,,,,,,,,,,,,,,,,,4.264209699991625,4.274965299991891,4.961555699992459,[0.30333333333333334],[-0.006666666666666667],[1],[0],[0],[0.6969634999986738],[0],['rightCircle'],,,,,,,,,,921308,001,2024-09-04_19h39.00.432,my-trial,2024.2.1post4,60.429314023363645,2024-09-04 19h39.03.535840 +0800,
,,,,,,,,,,,,,,,,,,,,,,,,,,,,,,,,,,,,,,,,,,,,,,,,,,,4.9616843000403605,6.000004941597581e-05,5.527179000026081,[0.255],[-0.018333333333333333],[1],[0],[0],[0.565213699999731],921308,001,2024-09-04_19h39.00.432,my-trial,2024.2.1post4,60.429314023363645,2024-09-04 19h39.03.535840 +0800,
