﻿text,textColor,leftColor,rightColor,corrAns,thisN,thisTrialN,thisRepN,chosClick.x,chosClick.y,chosClick.leftButton,chosClick.midButton,chosClick.rightButton,chosClick.time,chosClick.corr,chosClick.clicked_name,trials.thisRepN,trials.thisTrialN,trials.thisN,trials.thisIndex,thisRow.t,notes,welcome.started,welcome.stopped,ignClick.x,ignClick.y,ignClick.leftButton,ignClick.midButton,ignClick.rightButton,ignClick.time,gameRule.started,ruleText.started,mouse_5.started,gameRule.stopped,mouse_5.x,mouse_5.y,mouse_5.leftButton,mouse_5.midButton,mouse_5.rightButton,mouse_5.time,trial.started,chosClick.started,trial.stopped,trials.chosClick.x,trials.chosClick.y,trials.chosClick.leftButton,trials.chosClick.midButton,trials.chosClick.rightButton,trials.chosClick.time,trials.chosClick.corr,trials.chosClick.clicked_name,end.started,endClick.started,end.stopped,endClick.x,endClick.y,endClick.leftButton,endClick.midButton,endClick.rightButton,endClick.time,participant,session,date,expName,psychopyVersion,frameRate,expStart,
,,,,,,,,,,,,,,,,,,,,,,0.012840099981985986,1.5833584000356495,[-0.055],[0.045],[1],[0],[0],[1.5701463999575935],,,,,,,,,,,,,,,,,,,,,,,,,,,,,,,948148,001,2024-09-04_20h04.26.424,my-trial,2024.2.1post4,60.17578548402911,2024-09-04 20h04.29.083655 +0800,
,,,,,,,,,,,,,,,,,,,,,,,,,,,,,,1.5834308000048622,1.5952449000324123,2.9200047720223665e-05,2.113753199984785,[0.08666666666666667],[-0.016666666666666666],[1],[0],[0],[0.53001609997591],,,,,,,,,,,,,,,,,,,,,948148,001,2024-09-04_20h04.26.424,my-trial,2024.2.1post4,60.17578548402911,2024-09-04 20h04.29.083655 +0800,
请选择蓝色,black,red,blue,rightCircle,0,0,0,[0.39666666666666667],[0.03833333333333333],[1],[0],[0],[1.0578750999993645],[1],['rightCircle'],0,0,0,2,2.1444120000232942,,,,,,,,,,,,,,,,,,,,2.123452600033488,2.1444120000232942,3.1817160000209697,[0.39666666666666667],[0.03833333333333333],[1],[0],[0],[1.0578750999993645],[1],['rightCircle'],,,,,,,,,,948148,001,2024-09-04_20h04.26.424,my-trial,2024.2.1post4,60.17578548402911,2024-09-04 20h04.29.083655 +0800,
请选择红色,black,red,yellow,leftCircle,1,1,0,[-0.35],[-0.065],[1],[0],[0],[1.5490301999961957],[1],['leftCircle'],0,1,1,0,4.227790300035849,,,,,,,,,,,,,,,,,,,,4.216378499986604,4.227790300035849,5.765811200020835,[-0.35],[-0.065],[1],[0],[0],[1.5490301999961957],[1],['leftCircle'],,,,,,,,,,948148,001,2024-09-04_20h04.26.424,my-trial,2024.2.1post4,60.17578548402911,2024-09-04 20h04.29.083655 +0800,
请选择黄色,black,yellow,red,leftCircle,2,2,0,[-0.39666666666666667],[-0.006666666666666667],[1],[0],[0],[0.5978875000146218],[1],['leftCircle'],0,2,2,1,6.794622000015806,,,,,,,,,,,,,,,,,,,,6.78458670002874,6.794622000015806,7.38276260002749,[-0.39666666666666667],[-0.006666666666666667],[1],[0],[0],[0.5978875000146218],[1],['leftCircle'],,,,,,,,,,948148,001,2024-09-04_20h04.26.424,my-trial,2024.2.1post4,60.17578548402911,2024-09-04 20h04.29.083655 +0800,
请选择黑色,black,black,yellow,leftCircle,3,3,0,[-0.345],[-0.03666666666666667],[1],[0],[0],[0.5134022000129335],[1],['leftCircle'],0,3,3,4,8.411481200018898,,,,,,,,,,,,,,,,,,,,8.402630000025965,8.411481200018898,8.916382200026419,[-0.345],[-0.03666666666666667],[1],[0],[0],[0.5134022000129335],[1],['leftCircle'],,,,,,,,,,948148,001,2024-09-04_20h04.26.424,my-trial,2024.2.1post4,60.17578548402911,2024-09-04 20h04.29.083655 +0800,
请选择绿色,black,red,green,rightCircle,4,4,0,[0.4666666666666667],[0.0],[1],[0],[0],[0.5480037999805063],[1],['rightCircle'],0,4,4,3,9.945055500022136,,,,,,,,,,,,,,,,,,,,9.935100000002421,9.945055500022136,10.48340680002002,[0.4666666666666667],[0.0],[1],[0],[0],[0.5480037999805063],[1],['rightCircle'],,,,,,,,,,948148,001,2024-09-04_20h04.26.424,my-trial,2024.2.1post4,60.17578548402911,2024-09-04 20h04.29.083655 +0800,
,,,,,,,,,,,,,,,,,,,,,,,,,,,,,,,,,,,,,,,,,,,,,,,,,,,11.499713200028054,8.909997995942831e-05,12.432701800018549,[0.023333333333333334],[-0.08333333333333333],[1],[0],[0],[0.9326309000025503],948148,001,2024-09-04_20h04.26.424,my-trial,2024.2.1post4,60.17578548402911,2024-09-04 20h04.29.083655 +0800,
