{
	"pages": [ //pages数组中第一项表示应用启动页，参考：https://uniapp.dcloud.io/collocation/pages
		{
			"path": "pages/ordinary_user_login/ordinary_user_login",
			"style": {
				"navigationBarTitleText": "登录"
			}
		},
		{
			"path": "pages/ordinary_user_register/ordinary_user_register",
			"style": {
				"navigationBarTitleText": "注册"
			}
		},
		{
			"path": "pages/manager_login/manager_login",
			"style": {
				"navigationBarTitleText": "管理员登录"
			}
		},
		{
			"path": "pages/ordinary_user_activity/ordinary_user_activity",
			"style": {
				"navigationBarTitleText": "活动"
			}
		},
		{
			"path": "pages/ordinary_user_activity_detail/ordinary_user_activity_detail",
			"style": {
				"navigationBarTitleText": "活动详情"
			}
		},
		{
			"path": "pages/about/about",
			"style": {
				"navigationBarTitleText": "我的"
			}
		},
		{
			"path" : "pages/manager_activity/manager_activity",
			"style" : 
			{
				"navigationBarTitleText" : "管理员面板"
			}
		},
		{
			"path" : "pages/manager_activity_detail/manager_activity_detail",
			"style" : 
			{
				"navigationBarTitleText" : "管理员面板"
			}
		},
		{
			"path" : "pages/manager_activity_audit/manager_activity_audit",
			"style" : 
			{
				"navigationBarTitleText" : "管理员面板"
			}
		}
	],
	"globalStyle": {
		"navigationBarTextStyle": "black",
		"navigationBarTitleText": "uni-app",
		"navigationBarBackgroundColor": "#F8F8F8",
		"backgroundColor": "#F8F8F8"
	},
	"uniIdRouter": {},
	"tabBar": {
		"color": "#2C2C2C",
		"selectedColor": "#007AFF",
		"list": [{
				"pagePath": "pages/ordinary_user_activity/ordinary_user_activity",
				"text": "活动",
				"iconPath": "static/tabBar/huodong.png",
				"selectedIconPath": "static/tabBar/huodong-1.png"
			},
			{
				"pagePath": "pages/about/about",
				"text": "我的",
				"iconPath": "static/tabBar/wode.png",
				"selectedIconPath": "static/tabBar/wode-1.png"
			}
		]
	}
}