{
	"easycom": {
		"autoscan": true,
		// 注意一定要放在custom里，否则无效，https://ask.dcloud.net.cn/question/131175
		"custom": {
			"^u--(.*)": "@/uni_modules/uview-plus/components/u-$1/u-$1.vue",
			"^up-(.*)": "@/uni_modules/uview-plus/components/u-$1/u-$1.vue",
	    "^u-([^-].*)": "@/uni_modules/uview-plus/components/u-$1/u-$1.vue"
		}
	},
	"pages": [ //pages数组中第一项表示应用启动页，参考：https://uniapp.dcloud.io/collocation/pages
		{
			"path": "pages/index/index",
			"style": {
				"navigationBarTitleText": "帐易通"
			}
		},
		{
			"path" : "pages/about/about",
			"style" : 
			{
				"navigationBarTitleText" : "我的"
			}
		},
		{
			"path" : "pages/detail/detail",
			"style" : 
			{
				"navigationBarTitleText" : "明细"
			}
		},
		{
			"path" : "pages/count/count",
			"style" : 
			{
				"navigationBarTitleText" : "统计"
			}
		},
		{
			"path" : "pages/register/register",
			"style" : 
			{
				"navigationBarTitleText" : ""
			}
		}
	],
	"globalStyle": {
		"navigationBarTextStyle": "black",
		"navigationBarTitleText": "uni-app",
		"navigationBarBackgroundColor": "#F8F8F8",
		"backgroundColor": "#F8F8F8"
	},
	"uniIdRouter": {},
	"tabBar": {
		"color": "#2C2C2C",
		"selectedColor": "#29C034",
		"list": [
			{
				"pagePath": "pages/detail/detail",
				"text": "明细",
				"iconPath": "static/navigator/wj-mxjl.png",
				"selectedIconPath": "static/navigator/wj-mxjl-1.png"
			},
			{
				"pagePath": "pages/count/count",
				"text": "统计",
				"iconPath": "static/navigator/mingxi.png",
				"selectedIconPath": "static/navigator/mingxi-1.png"
			},
			{
				"pagePath": "pages/about/about",
				"text": "我的",
				"iconPath": "static/navigator/wode.png",
				"selectedIconPath": "static/navigator/wode-1.png"
			}
		]
	}
}
