﻿picture,thisN,thisTrialN,thisRepN,Loop.thisRepN,Loop.thisTrialN,Loop.thisN,Loop.thisIndex,thisRow.t,notes,Welcome.started,Welcome.stopped,Rule.started,Rule.stopped,mouse.x,mouse.y,mouse.leftButton,mouse.midButton,mouse.rightButton,mouse.time,Trial.started,Trial.stopped,participant,session,date,expName,psychopyVersion,frameRate,expStart,
,,,,,,,,,,0.018439200008288026,0.0187244999979157,,,,,,,,,,,347100,001,2024-09-15_01h22.34.249,My,2024.2.1post4,59.773434776840546,2024-09-15 01h22.36.684309 +0800,
,,,,,,,,,,,,0.018756600009510294,5.9410951000172645,[0.10166666666666667],[0.16833333333333333],[1],[0],[0],[5.922006000007968],,,347100,001,2024-09-15_01h22.34.249,My,2024.2.1post4,59.773434776840546,2024-09-15 01h22.36.684309 +0800,
素材\人物图片\雷军.webp,0,0,0,0,0,0,0,5.988684200012358,,,,,,,,,,,,5.968208200007211,6.95978710000054,347100,001,2024-09-15_01h22.34.249,My,2024.2.1post4,59.773434776840546,2024-09-15 01h22.36.684309 +0800,
素材\人物图片\李常超.webp,1,1,0,0,1,1,1,7.009676700021373,,,,,,,,,,,,6.996441700001014,,,,,,,,,
