﻿picture,thisN,thisTrialN,thisRepN,trials_1.thisRepN,trials_1.thisTrialN,trials_1.thisN,trials_1.thisIndex,thisRow.t,notes,Welcome.started,Welcome.stopped,key_resp_2.keys,Rule.started,Rule.stopped,key_resp.keys,key_resp.rt,key_resp.duration,prompt1.started,prompt1.stopped,text1.keys,text1.rt,text1.duration,Trial1.started,Trial1.stopped,participant,session,date,expName,psychopyVersion,frameRate,expStart,
,,,,,,,,,,0.12222269992344081,5.011134899919853,None,,,,,,,,,,,,,627975,001,2024-09-23_19h03.58.801,My,2024.2.1post4,None,2024-09-23 19h04.04.592491 +0800,
,,,,,,,,,,,,,5.137111399904825,7.749032599967904,space,2.1691405000165105,None,,,,,,,,627975,001,2024-09-23_19h03.58.801,My,2024.2.1post4,None,2024-09-23 19h04.04.592491 +0800,
,,,,,,,,,,,,,,,,,,7.749074299936183,8.81714329996612,space,0.6538593999575824,None,,,627975,001,2024-09-23_19h03.58.801,My,2024.2.1post4,None,2024-09-23 19h04.04.592491 +0800,
素材\人物图片\雷军.webp,0,0,0,0,0,0,0,8.900961999897845,,,,,,,,,,,,,,,8.855876499903388,10.333172699902207,627975,001,2024-09-23_19h03.58.801,My,2024.2.1post4,None,2024-09-23 19h04.04.592491 +0800,
素材\人物图片\李常超.webp,1,1,0,0,1,1,1,10.38540229992941,,,,,,,,,,,,,,,10.38077649998013,11.825851099914871,627975,001,2024-09-23_19h03.58.801,My,2024.2.1post4,None,2024-09-23 19h04.04.592491 +0800,
素材\人物图片\任正非.webp,2,2,0,0,2,2,2,11.876238099997863,,,,,,,,,,,,,,,11.857605699915439,,,,,,,,,
