﻿text,letterColor,corrAns,congruent,thisN,thisTrialN,thisRepN,resp.keys,resp.corr,resp.rt,resp.duration,trials.thisRepN,trials.thisTrialN,trials.thisN,trials.thisIndex,thisRow.t,notes,welcome.started,welcome.stopped,rule.started,rule.stopped,trial.started,resp.started,trial.stopped,trials.resp.keys,trials.resp.corr,trials.resp.rt,trials.resp.duration,participant,session,date,expName,psychopyVersion,frameRate,expStart,
,,,,,,,,,,,,,,,,,0.017772199993487448,2.0012143999920227,,,,,,,,,,003660,001,2024-09-04_20h25.59.946,my-stroop,2024.2.1post4,61.125777899359626,2024-09-04 20h26.02.714254 +0800,
,,,,,,,,,,,,,,,,,,,2.0012386000016704,4.553773299965542,,,,,,,,003660,001,2024-09-04_20h25.59.946,my-stroop,2024.2.1post4,61.125777899359626,2024-09-04 20h26.02.714254 +0800,
blue,red,a,0,0,0,0,a,1,1.2501671999925748,None,0,0,0,0,4.582346199953463,,,,,,4.56820419995347,4.866857799992431,6.120183299994096,a,1,1.2501671999925748,None,003660,001,2024-09-04_20h25.59.946,my-stroop,2024.2.1post4,61.125777899359626,2024-09-04 20h26.02.714254 +0800,
red,blue,d,0,1,1,0,s,0,1.9839678999851458,None,0,1,1,1,8.149720499990508,,,,,,8.139802899968345,8.451356899982784,10.43774119997397,s,0,1.9839678999851458,None,003660,001,2024-09-04_20h25.59.946,my-stroop,2024.2.1post4,61.125777899359626,2024-09-04 20h26.02.714254 +0800,
green,green,s,1,2,2,0,,,,,0,2,2,2,12.46588829997927,,,,,,12.456965199962724,12.752533299964853,,,,,,,,,,,,,
