﻿text,letterColor,corrAns,congruent,thisN,thisTrialN,thisRepN,resp.keys,resp.corr,resp.rt,resp.duration,trials.thisRepN,trials.thisTrialN,trials.thisN,trials.thisIndex,thisRow.t,notes,welcome.started,welcome.stopped,key_resp.keys,rule.started,rule.stopped,trial.started,resp.started,trial.stopped,trials.resp.keys,trials.resp.corr,trials.resp.rt,trials.resp.duration,participant,session,date,expName,psychopyVersion,frameRate,expStart,
,,,,,,,,,,,,,,,,,0.004639199993107468,2.0112744999933057,None,,,,,,,,,,518101,001,2024-09-04_22h10.31.137,my-stroop,2024.2.1post4,59.415729481217035,2024-09-04 22h10.33.930126 +0800,
,,,,,,,,,,,,,,,,,,,,2.011307900014799,4.013343699974939,,,,,,,,518101,001,2024-09-04_22h10.31.137,my-stroop,2024.2.1post4,59.415729481217035,2024-09-04 22h10.33.930126 +0800,
blue,red,a,0,0,0,0,a,1,1.5653307999600656,None,0,0,0,0,4.0420595000032336,,,,,,,4.026936199981719,4.3267386999796145,5.895113800012041,a,1,1.5653307999600656,None,518101,001,2024-09-04_22h10.31.137,my-stroop,2024.2.1post4,59.415729481217035,2024-09-04 22h10.33.930126 +0800,
red,blue,d,0,1,1,0,,,,,0,1,1,1,6.625267399998847,,,,,,,6.61770639999304,6.915613399993163,,,,,,,,,,,,,
